STATE,STATENAME,ST_CASE,PEDS,PERNOTMVIT,VE_TOTAL,VE_FORMS,PVH_INVL,PERSONS,PERMVIT,COUNTY,COUNTYNAME,CITY,CITYNAME,MONTH,MONTHNAME,DAY,DAYNAME,DAY_WEEK,DAY_WEEKNAME,YEAR,HOUR,HOURNAME,MINUTE,MINUTENAME,TWAY_ID,TWAY_ID2,ROUTE,ROUTENAME,RUR_URB,RUR_URBNAME,FUNC_SYS,FUNC_SYSNAME,RD_OWNER,RD_OWNERNAME,NHS,NHSNAME,SP_JUR,SP_JURNAME,MILEPT,MILEPTNAME,LATITUDE,LATITUDENAME,LONGITUD,LONGITUDNAME,HARM_EV,HARM_EVNAME,MAN_COLL,MAN_COLLNAME,RELJCT1,RELJCT1NAME,RELJCT2,RELJCT2NAME,TYP_INT,TYP_INTNAME,REL_ROAD,REL_ROADNAME,WRK_ZONE,WRK_ZONENAME,LGT_COND,LGT_CONDNAME,WEATHER,WEATHERNAME,SCH_BUS,SCH_BUSNAME,RAIL,RAILNAME,NOT_HOUR,NOT_HOURNAME,NOT_MIN,NOT_MINNAME,ARR_HOUR,ARR_HOURNAME,ARR_MIN,ARR_MINNAME,HOSP_HR,HOSP_HRNAME,HOSP_MN,HOSP_MNNAME,FATALS
48,Texas,480076,0,0,2,2,0,2,2,203,HARRISON (203),0,NOT APPLICABLE,1,January,4,4,3,Tuesday,2022,20,8:00pm-8:59pm,57,57,US-59,NA,2,US Highway,1,Rural,3,Principal Arterial - Other,98,Not Reported,1,This section IS ON the NHS,0,No Special Jurisdiction,86,86,32.58993611,32.58993611,-94.33998889,-94.33998889,12,Motor Vehicle In-Transport,2,Front-to-Front,0,No,1,Non-Junction,1,Not an Intersection,1,On Roadway,0,None,2,Dark - Not Lighted,1,Clear,0,No,0000000,Not Applicable,99,Unknown,98,Unknown if Notified,99,Unknown EMS Scene Arrival Hour,98,Unknown if Arrived,88,Not Applicable (Not Transported),88,Not Applicable (Not Transported),1
48,Texas,480077,0,0,1,1,0,1,1,75,CHILDRESS (75),0,NOT APPLICABLE,1,January,15,15,7,Saturday,2022,18,6:00pm-6:59pm,39,39,US-287,NA,2,US Highway,1,Rural,3,Principal Arterial - Other,98,Not Reported,1,This section IS ON the NHS,0,No Special Jurisdiction,29,29,34.50223333,34.50223333,-100.37330556,-100.37330556,1,Rollover/Overturn,0,The First Harmful Event was Not a Collision with a Motor Vehicle in Transport,0,No,1,Non-Junction,1,Not an Intersection,4,On Roadside,0,None,2,Dark - Not Lighted,1,Clear,0,No,0000000,Not Applicable,99,Unknown,98,Unknown if Notified,99,Unknown EMS Scene Arrival Hour,98,Unknown if Arrived,88,Not Applicable (Not Transported),88,Not Applicable (Not Transported),1
48,Texas,480078,0,0,1,1,0,4,4,169,GARZA (169),0,NOT APPLICABLE,1,January,17,17,2,Monday,2022,4,4:00am-4:59am,0,0,US-84,NA,2,US Highway,1,Rural,3,Principal Arterial - Other,98,Not Reported,1,This section IS ON the NHS,0,No Special Jurisdiction,327,327,33.02582222,33.02582222,-101.18448611,-101.18448611,52,Guardrail End,0,The First Harmful Event was Not a Collision with a Motor Vehicle in Transport,0,No,1,Non-Junction,1,Not an Intersection,4,On Roadside,0,None,2,Dark - Not Lighted,1,Clear,0,No,0000000,Not Applicable,99,Unknown,99,Unknown,99,Unknown EMS Scene Arrival Hour,99,Unknown EMS Scene Arrival Minutes,99,Unknown,99,Unknown EMS Hospital Arrival Time,1
48,Texas,480079,1,1,1,1,0,3,3,459,UPSHUR (459),0,NOT APPLICABLE,1,January,14,14,6,Friday,2022,18,6:00pm-6:59pm,17,17,SR-155,CR-UPSHUR LANDING RD,3,State Highway,1,Rural,4,Minor Arterial,98,Not Reported,0,This section IS NOT on the NHS,0,No Special Jurisdiction,0,None,32.84553056,32.84553056,-94.71731667,-94.71731667,8,Pedestrian,0,The First Harmful Event was Not a Collision with a Motor Vehicle in Transport,0,No,2,Intersection,3,T-Intersection,1,On Roadway,0,None,2,Dark - Not Lighted,1,Clear,0,No,0000000,Not Applicable,99,Unknown,98,Unknown if Notified,99,Unknown EMS Scene Arrival Hour,98,Unknown if Arrived,88,Not Applicable (Not Transported),88,Not Applicable (Not Transported),1
48,Texas,480080,0,0,1,1,0,2,2,55,CALDWELL (55),4372,MARTINDALE,1,January,4,4,3,Tuesday,2022,5,5:00am-5:59am,40,40,SR-80,NA,3,State Highway,2,Urban,4,Minor Arterial,98,Not Reported,0,This section IS NOT on the NHS,0,No Special Jurisdiction,34,34,29.85840278,29.85840278,-97.86198333,-97.86198333,38,Fence,0,The First Harmful Event was Not a Collision with a Motor Vehicle in Transport,0,No,1,Non-Junction,1,Not an Intersection,5,Outside Trafficway,0,None,2,Dark - Not Lighted,1,Clear,0,No,0000000,Not Applicable,99,Unknown,98,Unknown if Notified,99,Unknown EMS Scene Arrival Hour,98,Unknown if Arrived,88,Not Applicable (Not Transported),88,Not Applicable (Not Transported),1
48,Texas,480081,0,0,2,2,0,4,4,113,DALLAS (113),4530,MESQUITE,1,January,14,14,6,Friday,2022,4,4:00am-4:59am,11,11,I-30,NA,1,Interstate,2,Urban,1,Interstate,1,State Highway Agency,1,This section IS ON the NHS,0,No Special Jurisdiction,136,136,32.81696111,32.81696111,-96.64011389,-96.64011389,12,Motor Vehicle In-Transport,1,Front-to-Rear,1,Yes,18,Through Roadway,1,Not an Intersection,1,On Roadway,1,Construction,6,Dark - Unknown Lighting,1,Clear,0,No,0000000,Not Applicable,99,Unknown,99,Unknown,99,Unknown EMS Scene Arrival Hour,99,Unknown EMS Scene Arrival Minutes,99,Unknown,99,Unknown EMS Hospital Arrival Time,2
48,Texas,480082,0,0,1,1,0,1,1,439,TARRANT (439),2450,FORT WORTH,1,January,17,17,2,Monday,2022,22,10:00pm-10:59pm,55,55,I-35/NORTH FWY,NA,7,Local Street - Frontage Road,2,Urban,5,Major Collector,1,State Highway Agency,0,This section IS NOT on the NHS,0,No Special Jurisdiction,169,169,32.89166389,32.89166389,-97.31788333,-97.31788333,33,Curb,0,The First Harmful Event was Not a Collision with a Motor Vehicle in Transport,0,No,1,Non-Junction,1,Not an Intersection,10,Separator,0,None,2,Dark - Not Lighted,1,Clear,0,No,0000000,Not Applicable,22,10:00pm-10:59pm,58,58,23,11:00pm-11:59pm,1,1,88,Not Applicable (Not Transported),88,Not Applicable (Not Transported),1
48,Texas,480083,0,0,2,2,0,3,3,39,BRAZORIA (39),130,ALVIN,1,January,8,8,7,Saturday,2022,18,6:00pm-6:59pm,11,11,FM 1462,NA,8,Other,2,Urban,5,Major Collector,98,Not Reported,0,This section IS NOT on the NHS,0,No Special Jurisdiction,118,118,29.39211389,29.39211389,-95.27883333,-95.27883333,12,Motor Vehicle In-Transport,1,Front-to-Rear,0,No,8,Driveway Access Related,1,Not an Intersection,1,On Roadway,0,None,8,Not Reported,2,Rain,0,No,0000000,Not Applicable,99,Unknown,99,Unknown,99,Unknown EMS Scene Arrival Hour,99,Unknown EMS Scene Arrival Minutes,99,Unknown,99,Unknown EMS Hospital Arrival Time,1
48,Texas,480084,1,1,1,1,0,1,1,201,HARRIS (201),0,NOT APPLICABLE,1,January,13,13,5,Thursday,2022,12,12:00pm-12:59pm,10,10,US-90,NA,2,US Highway,2,Urban,2,Principal Arterial - Other Freeways and Expressways,98,Not Reported,1,This section IS ON the NHS,0,No Special Jurisdiction,170,170,29.88314722,29.88314722,-95.06400833,-95.06400833,8,Pedestrian,0,The First Harmful Event was Not a Collision with a Motor Vehicle in Transport,0,No,1,Non-Junction,1,Not an Intersection,1,On Roadway,0,None,1,Daylight,1,Clear,0,No,0000000,Not Applicable,99,Unknown,98,Unknown if Notified,99,Unknown EMS Scene Arrival Hour,98,Unknown if Arrived,88,Not Applicable (Not Transported),88,Not Applicable (Not Transported),1
48,Texas,480085,0,0,2,1,1,1,1,439,TARRANT (439),2850,GRAPEVINE,1,January,16,16,1,Sunday,2022,16,4:00pm-4:59pm,9,9,I-635 CONNECTOR,SR-121,1,Interstate,2,Urban,1,Interstate,1,State Highway Agency,1,This section IS ON the NHS,0,No Special Jurisdiction,25,25,32.93279444,32.93279444,-97.04124167,-97.04124167,14,Parked Motor Vehicle,0,The First Harmful Event was Not a Collision with a Motor Vehicle in Transport,1,Yes,3,Intersection-Related,4,Y-Intersection,8,Gore,0,None,1,Daylight,1,Clear,0,No,0000000,Not Applicable,99,Unknown,99,Unknown,99,Unknown EMS Scene Arrival Hour,99,Unknown EMS Scene Arrival Minutes,99,Unknown,99,Unknown EMS Hospital Arrival Time,1
48,Texas,480086,0,0,2,2,0,3,3,275,KNOX (275),0,NOT APPLICABLE,1,January,7,7,6,Friday,2022,15,3:00pm-3:59pm,8,8,US-277,US-277P BUS,2,US Highway,1,Rural,3,Principal Arterial - Other,98,Not Reported,1,This section IS ON the NHS,0,No Special Jurisdiction,92,92,33.45324167,33.45324167,-99.61053889,-99.61053889,12,Motor Vehicle In-Transport,6,Angle,0,No,2,Intersection,3,T-Intersection,1,On Roadway,0,None,1,Daylight,1,Clear,0,No,0000000,Not Applicable,99,Unknown,99,Unknown,99,Unknown EMS Scene Arrival Hour,99,Unknown EMS Scene Arrival Minutes,99,Unknown,99,Unknown EMS Hospital Arrival Time,1
48,Texas,480087,0,0,1,1,0,1,1,303,LUBBOCK (303),4140,LUBBOCK,1,January,16,16,1,Sunday,2022,3,3:00am-3:59am,53,53,US-82,NA,2,US Highway,2,Urban,3,Principal Arterial - Other,98,Not Reported,1,This section IS ON the NHS,0,No Special Jurisdiction,186,186,33.61358333,33.61358333,-101.77497222,-101.77497222,1,Rollover/Overturn,0,The First Harmful Event was Not a Collision with a Motor Vehicle in Transport,0,No,1,Non-Junction,1,Not an Intersection,4,On Roadside,0,None,2,Dark - Not Lighted,1,Clear,0,No,0000000,Not Applicable,99,Unknown,98,Unknown if Notified,99,Unknown EMS Scene Arrival Hour,98,Unknown if Arrived,88,Not Applicable (Not Transported),88,Not Applicable (Not Transported),1
48,Texas,480088,0,0,2,2,0,2,2,423,SMITH (423),7070,TYLER,1,January,14,14,6,Friday,2022,22,10:00pm-10:59pm,50,50,US-69,NA,2,US Highway,2,Urban,3,Principal Arterial - Other,98,Not Reported,1,This section IS ON the NHS,0,No Special Jurisdiction,19,19,32.31736389,32.31736389,-95.30060556,-95.30060556,12,Motor Vehicle In-Transport,1,Front-to-Rear,0,No,1,Non-Junction,1,Not an Intersection,1,On Roadway,0,None,3,Dark - Lighted,1,Clear,0,No,0000000,Not Applicable,99,Unknown,99,Unknown,99,Unknown EMS Scene Arrival Hour,99,Unknown EMS Scene Arrival Minutes,99,Unknown,99,Unknown EMS Hospital Arrival Time,1
48,Texas,480089,1,1,1,1,0,1,1,245,JEFFERSON (245),490,BEAUMONT,1,January,6,6,5,Thursday,2022,21,9:00pm-9:59pm,31,31,LUCAS DR,NA,6,Local Street - Municipality,2,Urban,4,Minor Arterial,98,Not Reported,0,This section IS NOT on the NHS,0,No Special Jurisdiction,0,None,30.12564167,30.12564167,-94.12995833,-94.12995833,15,Non-Motorist on Personal Conveyance,0,The First Harmful Event was Not a Collision with a Motor Vehicle in Transport,0,No,1,Non-Junction,1,Not an Intersection,1,On Roadway,0,None,3,Dark - Lighted,1,Clear,0,No,0000000,Not Applicable,99,Unknown,98,Unknown if Notified,99,Unknown EMS Scene Arrival Hour,98,Unknown if Arrived,88,Not Applicable (Not Transported),88,Not Applicable (Not Transported),1
48,Texas,480090,0,0,2,2,0,2,2,29,BEXAR (29),6090,SAN ANTONIO,1,January,17,17,2,Monday,2022,2,2:00am-2:59am,40,40,I-410,NA,1,Interstate,2,Urban,1,Interstate,1,State Highway Agency,1,This section IS ON the NHS,0,No Special Jurisdiction,26,26,29.34250278,29.34250278,-98.62559167,-98.62559167,12,Motor Vehicle In-Transport,1,Front-to-Rear,1,Yes,18,Through Roadway,1,Not an Intersection,1,On Roadway,1,Construction,3,Dark - Lighted,1,Clear,0,No,0000000,Not Applicable,99,Unknown,98,Unknown if Notified,99,Unknown EMS Scene Arrival Hour,98,Unknown if Arrived,88,Not Applicable (Not Transported),88,Not Applicable (Not Transported),1
48,Texas,480091,0,0,1,1,0,1,1,231,HUNT (231),0,NOT APPLICABLE,1,January,8,8,7,Saturday,2022,11,11:00am-11:59am,0,0,SR-34,NA,3,State Highway,2,Urban,3,Principal Arterial - Other,98,Not Reported,0,This section IS NOT on the NHS,0,No Special Jurisdiction,49,49,33.06289444,33.06289444,-96.10996944,-96.10996944,32,Culvert,0,The First Harmful Event was Not a Collision with a Motor Vehicle in Transport,0,No,1,Non-Junction,1,Not an Intersection,4,On Roadside,0,None,1,Daylight,2,Rain,0,No,0000000,Not Applicable,99,Unknown,98,Unknown if Notified,99,Unknown EMS Scene Arrival Hour,98,Unknown if Arrived,88,Not Applicable (Not Transported),88,Not Applicable (Not Transported),1
48,Texas,480092,1,1,1,1,0,1,1,215,HIDALGO (215),0,NOT APPLICABLE,1,January,1,1,7,Saturday,2022,0,0:00am-0:59am,6,6,CESAR CHAVEZ RD,SEMINOLE VALLEY DR,6,Local Street - Municipality,2,Urban,5,Major Collector,98,Not Reported,0,This section IS NOT on the NHS,0,No Special Jurisdiction,0,None,26.2382,26.2382,-98.12611944,-98.12611944,8,Pedestrian,0,The First Harmful Event was Not a Collision with a Motor Vehicle in Transport,0,No,3,Intersection-Related,3,T-Intersection,1,On Roadway,0,None,2,Dark - Not Lighted,1,Clear,0,No,0000000,Not Applicable,99,Unknown,98,Unknown if Notified,99,Unknown EMS Scene Arrival Hour,98,Unknown if Arrived,88,Not Applicable (Not Transported),88,Not Applicable (Not Transported),1
48,Texas,480093,0,0,1,1,0,1,1,113,DALLAS (113),1730,DALLAS,1,January,9,9,1,Sunday,2022,23,11:00pm-11:59pm,14,14,GREENVILLE AVE,NA,6,Local Street - Municipality,2,Urban,4,Minor Arterial,98,Not Reported,0,This section IS NOT on the NHS,0,No Special Jurisdiction,0,None,32.840325,32.840325,-96.77021944,-96.77021944,1,Rollover/Overturn,0,The First Harmful Event was Not a Collision with a Motor Vehicle in Transport,0,No,1,Non-Junction,1,Not an Intersection,4,On Roadside,0,None,3,Dark - Lighted,1,Clear,0,No,0000000,Not Applicable,99,Unknown,99,Unknown,99,Unknown EMS Scene Arrival Hour,99,Unknown EMS Scene Arrival Minutes,99,Unknown,99,Unknown EMS Hospital Arrival Time,1
48,Texas,480094,0,0,2,2,0,2,2,453,TRAVIS (453),0,NOT APPLICABLE,1,January,14,14,6,Friday,2022,14,2:00pm-2:59pm,59,59,RM 620,NA,8,Other,2,Urban,3,Principal Arterial - Other,98,Not Reported,1,This section IS ON the NHS,0,No Special Jurisdiction,115,115,30.39327778,30.39327778,-97.87437222,-97.87437222,12,Motor Vehicle In-Transport,2,Front-to-Front,0,No,1,Non-Junction,1,Not an Intersection,1,On Roadway,0,None,1,Daylight,1,Clear,0,No,0000000,Not Applicable,14,2:00pm-2:59pm,59,59,15,3:00pm-3:59pm,7,7,15,3:00pm-3:59pm,47,47,1
48,Texas,480095,1,1,3,3,0,3,3,201,HARRIS (201),0,NOT APPLICABLE,1,January,13,13,5,Thursday,2022,18,6:00pm-6:59pm,31,31,SR-6,NA,3,State Highway,2,Urban,3,Principal Arterial - Other,98,Not Reported,1,This section IS ON the NHS,0,No Special Jurisdiction,161,161,29.70356667,29.70356667,-95.64400556,-95.64400556,8,Pedestrian,0,The First Harmful Event was Not a Collision with a Motor Vehicle in Transport,0,No,1,Non-Junction,1,Not an Intersection,1,On Roadway,0,None,3,Dark - Lighted,1,Clear,0,No,0000000,Not Applicable,99,Unknown,99,Unknown,99,Unknown EMS Scene Arrival Hour,99,Unknown EMS Scene Arrival Minutes,99,Unknown,99,Unknown EMS Hospital Arrival Time,1
48,Texas,480096,0,0,1,1,0,3,3,201,HARRIS (201),3280,HOUSTON,1,January,6,6,5,Thursday,2022,18,6:00pm-6:59pm,31,31,KELLEY ST,NA,6,Local Street - Municipality,2,Urban,4,Minor Arterial,98,Not Reported,0,This section IS NOT on the NHS,0,No Special Jurisdiction,0,None,29.81338056,29.81338056,-95.32503889,-95.32503889,40,Fire Hydrant,0,The First Harmful Event was Not a Collision with a Motor Vehicle in Transport,0,No,1,Non-Junction,1,Not an Intersection,3,On Median,0,None,3,Dark - Lighted,1,Clear,0,No,0000000,Not Applicable,18,6:00pm-6:59pm,31,31,18,6:00pm-6:59pm,35,35,19,7:00pm-7:59pm,29,29,1
48,Texas,480097,0,0,1,1,0,1,1,119,DELTA (119),2235,ENLOE,1,January,17,17,2,Monday,2022,18,6:00pm-6:59pm,39,39,FM 2949,FM 198,8,Other,1,Rural,6,Minor Collector,98,Not Reported,0,This section IS NOT on the NHS,0,No Special Jurisdiction,15,15,33.43360556,33.43360556,-95.66174444,-95.66174444,24,Guardrail Face,0,The First Harmful Event was Not a Collision with a Motor Vehicle in Transport,0,No,3,Intersection-Related,3,T-Intersection,4,On Roadside,0,None,2,Dark - Not Lighted,1,Clear,0,No,0000000,Not Applicable,18,6:00pm-6:59pm,37,37,18,6:00pm-6:59pm,50,50,88,Not Applicable (Not Transported),88,Not Applicable (Not Transported),1
48,Texas,480098,1,1,1,1,0,3,3,257,KAUFMAN (257),0,NOT APPLICABLE,1,January,5,5,4,Wednesday,2022,18,6:00pm-6:59pm,16,16,CR-4116,NA,4,County Road,1,Rural,7,Local,98,Not Reported,0,This section IS NOT on the NHS,0,No Special Jurisdiction,0,None,32.58820556,32.58820556,-96.3996,-96.3996,8,Pedestrian,0,The First Harmful Event was Not a Collision with a Motor Vehicle in Transport,0,No,1,Non-Junction,1,Not an Intersection,1,On Roadway,0,None,2,Dark - Not Lighted,1,Clear,0,No,0000000,Not Applicable,18,6:00pm-6:59pm,18,18,18,6:00pm-6:59pm,30,30,18,6:00pm-6:59pm,50,50,1
48,Texas,480099,0,0,1,1,0,1,1,43,BREWSTER (43),6827,TERLINGUA,1,January,9,9,1,Sunday,2022,17,5:00pm-5:59pm,40,40,REX IVEY RD,NA,6,Local Street - Municipality,1,Rural,7,Local,98,Not Reported,0,This section IS NOT on the NHS,0,No Special Jurisdiction,0,None,29.33368056,29.33368056,-103.54376111,-103.54376111,1,Rollover/Overturn,0,The First Harmful Event was Not a Collision with a Motor Vehicle in Transport,0,No,1,Non-Junction,1,Not an Intersection,4,On Roadside,0,None,5,Dusk,1,Clear,0,No,0000000,Not Applicable,99,Unknown,98,Unknown if Notified,99,Unknown EMS Scene Arrival Hour,98,Unknown if Arrived,88,Not Applicable (Not Transported),88,Not Applicable (Not Transported),1
48,Texas,480100,0,0,1,1,0,1,1,113,DALLAS (113),1730,DALLAS,1,January,7,7,6,Friday,2022,3,3:00am-3:59am,48,48,US-175/CF HAWN FWY,NA,2,US Highway,2,Urban,2,Principal Arterial - Other Freeways and Expressways,98,Not Reported,1,This section IS ON the NHS,0,No Special Jurisdiction,63,63,32.70459444,32.70459444,-96.66675833,-96.66675833,59,Traffic Sign Support,0,The First Harmful Event was Not a Collision with a Motor Vehicle in Transport,0,No,1,Non-Junction,1,Not an Intersection,10,Separator,0,None,3,Dark - Lighted,1,Clear,0,No,0000000,Not Applicable,3,3:00am-3:59am,49,49,3,3:00am-3:59am,58,58,4,4:00am-4:59am,23,23,1
48,Texas,480101,0,0,2,2,0,2,2,113,DALLAS (113),4530,MESQUITE,1,January,13,13,5,Thursday,2022,19,7:00pm-7:59pm,0,0,SCYENE RD,FIELDING DR,6,Local Street - Municipality,2,Urban,3,Principal Arterial - Other,98,Not Reported,1,This section IS ON the NHS,0,No Special Jurisdiction,0,None,32.76481667,32.76481667,-96.63602778,-96.63602778,12,Motor Vehicle In-Transport,6,Angle,0,No,2,Intersection,3,T-Intersection,1,On Roadway,0,None,3,Dark - Lighted,1,Clear,0,No,0000000,Not Applicable,99,Unknown,99,Unknown,99,Unknown EMS Scene Arrival Hour,99,Unknown EMS Scene Arrival Minutes,99,Unknown,99,Unknown EMS Hospital Arrival Time,1
48,Texas,480102,0,0,1,1,0,1,1,187,GUADALUPE (187),0,NOT APPLICABLE,1,January,14,14,6,Friday,2022,16,4:00pm-4:59pm,40,40,CR-OLD SEGUIN LULING RD,NA,4,County Road,1,Rural,7,Local,98,Not Reported,0,This section IS NOT on the NHS,0,No Special Jurisdiction,0,None,29.59557222,29.59557222,-97.85606944,-97.85606944,1,Rollover/Overturn,0,The First Harmful Event was Not a Collision with a Motor Vehicle in Transport,0,No,1,Non-Junction,1,Not an Intersection,4,On Roadside,0,None,1,Daylight,1,Clear,0,No,0000000,Not Applicable,99,Unknown,99,Unknown,99,Unknown EMS Scene Arrival Hour,99,Unknown EMS Scene Arrival Minutes,99,Unknown,99,Unknown EMS Hospital Arrival Time,1
48,Texas,480103,2,2,1,1,0,1,1,201,HARRIS (201),3280,HOUSTON,1,January,13,13,5,Thursday,2022,18,6:00pm-6:59pm,33,33,HILLCROFT AVE,NA,6,Local Street - Municipality,2,Urban,3,Principal Arterial - Other,98,Not Reported,0,This section IS NOT on the NHS,0,No Special Jurisdiction,0,None,29.72374444,29.72374444,-95.50099722,-95.50099722,8,Pedestrian,0,The First Harmful Event was Not a Collision with a Motor Vehicle in Transport,0,No,1,Non-Junction,1,Not an Intersection,1,On Roadway,0,None,3,Dark - Lighted,1,Clear,0,No,0000000,Not Applicable,99,Unknown,99,Unknown,99,Unknown EMS Scene Arrival Hour,99,Unknown EMS Scene Arrival Minutes,99,Unknown,99,Unknown EMS Hospital Arrival Time,1
48,Texas,480104,0,0,2,2,0,3,3,365,PANOLA (365),0,NOT APPLICABLE,1,January,5,5,4,Wednesday,2022,8,8:00am-8:59am,48,48,US-79,NA,2,US Highway,1,Rural,3,Principal Arterial - Other,98,Not Reported,0,This section IS NOT on the NHS,0,No Special Jurisdiction,76,76,32.15514444,32.15514444,-94.44859167,-94.44859167,12,Motor Vehicle In-Transport,2,Front-to-Front,0,No,1,Non-Junction,1,Not an Intersection,1,On Roadway,1,Construction,1,Daylight,5,"Fog, Smog, Smoke",0,No,0000000,Not Applicable,99,Unknown,99,Unknown,99,Unknown EMS Scene Arrival Hour,99,Unknown EMS Scene Arrival Minutes,99,Unknown,99,Unknown EMS Hospital Arrival Time,1
48,Texas,480105,0,0,2,2,0,8,8,113,DALLAS (113),1730,DALLAS,1,January,9,9,1,Sunday,2022,22,10:00pm-10:59pm,49,49,SR-12,JIM MILLER RD,3,State Highway,2,Urban,3,Principal Arterial - Other,98,Not Reported,1,This section IS ON the NHS,0,No Special Jurisdiction,115,115,32.71323889,32.71323889,-96.70005,-96.70005,12,Motor Vehicle In-Transport,6,Angle,0,No,2,Intersection,2,Four-Way Intersection,1,On Roadway,0,None,3,Dark - Lighted,1,Clear,0,No,0000000,Not Applicable,99,Unknown,99,Unknown,99,Unknown EMS Scene Arrival Hour,99,Unknown EMS Scene Arrival Minutes,99,Unknown,99,Unknown EMS Hospital Arrival Time,2
48,Texas,480106,0,0,1,1,0,1,1,113,DALLAS (113),1730,DALLAS,1,January,14,14,6,Friday,2022,17,5:00pm-5:59pm,14,14,REGAL ROW,NA,6,Local Street - Municipality,2,Urban,5,Major Collector,98,Not Reported,0,This section IS NOT on the NHS,0,No Special Jurisdiction,0,None,32.83338056,32.83338056,-96.87843056,-96.87843056,42,Tree (Standing Only),0,The First Harmful Event was Not a Collision with a Motor Vehicle in Transport,0,No,1,Non-Junction,1,Not an Intersection,4,On Roadside,0,None,1,Daylight,10,Cloudy,0,No,0000000,Not Applicable,17,5:00pm-5:59pm,17,17,17,5:00pm-5:59pm,28,28,88,Not Applicable (Not Transported),88,Not Applicable (Not Transported),1
48,Texas,480107,0,0,5,5,0,6,6,201,HARRIS (201),0,NOT APPLICABLE,1,January,1,1,7,Saturday,2022,1,1:00am-1:59am,40,40,SR-8,NA,7,Local Street - Frontage Road,2,Urban,3,Principal Arterial - Other,98,Not Reported,1,This section IS ON the NHS,0,No Special Jurisdiction,195,195,29.59836111,29.59836111,-95.35358889,-95.35358889,12,Motor Vehicle In-Transport,1,Front-to-Rear,1,Yes,18,Through Roadway,1,Not an Intersection,1,On Roadway,0,None,3,Dark - Lighted,1,Clear,0,No,0000000,Not Applicable,99,Unknown,99,Unknown,99,Unknown EMS Scene Arrival Hour,99,Unknown EMS Scene Arrival Minutes,99,Unknown,99,Unknown EMS Hospital Arrival Time,1
48,Texas,480108,0,0,3,3,0,3,3,113,DALLAS (113),1730,DALLAS,1,January,7,7,6,Friday,2022,10,10:00am-10:59am,9,9,SR-12 LP/GREAT TRINITY FOREST,NA,3,State Highway,2,Urban,3,Principal Arterial - Other,98,Not Reported,1,This section IS ON the NHS,0,No Special Jurisdiction,128,128,32.71268056,32.71268056,-96.72018333,-96.72018333,12,Motor Vehicle In-Transport,1,Front-to-Rear,0,No,1,Non-Junction,1,Not an Intersection,1,On Roadway,0,None,1,Daylight,1,Clear,0,No,0000000,Not Applicable,99,Unknown,99,Unknown,99,Unknown EMS Scene Arrival Hour,99,Unknown EMS Scene Arrival Minutes,99,Unknown,99,Unknown EMS Hospital Arrival Time,1
48,Texas,480109,1,1,1,1,0,1,1,339,MONTGOMERY (339),0,NOT APPLICABLE,1,January,12,12,4,Wednesday,2022,21,9:00pm-9:59pm,11,11,FM 1314,NA,8,Other,2,Urban,4,Minor Arterial,98,Not Reported,0,This section IS NOT on the NHS,0,No Special Jurisdiction,95,95,30.21606667,30.21606667,-95.35878611,-95.35878611,8,Pedestrian,0,The First Harmful Event was Not a Collision with a Motor Vehicle in Transport,0,No,1,Non-Junction,1,Not an Intersection,1,On Roadway,1,Construction,2,Dark - Not Lighted,1,Clear,0,No,0000000,Not Applicable,99,Unknown,99,Unknown,99,Unknown EMS Scene Arrival Hour,99,Unknown EMS Scene Arrival Minutes,99,Unknown,99,Unknown EMS Hospital Arrival Time,1
48,Texas,480110,0,0,1,1,0,1,1,141,EL PASO (141),2190,EL PASO,1,January,13,13,5,Thursday,2022,23,11:00pm-11:59pm,21,21,STAN ROBERTS SR AVE,US-54 BUSINESS/DYER ST,6,Local Street - Municipality,2,Urban,4,Minor Arterial,98,Not Reported,0,This section IS NOT on the NHS,0,No Special Jurisdiction,0,None,31.98686111,31.98686111,-106.33295278,-106.33295278,34,Ditch,0,The First Harmful Event was Not a Collision with a Motor Vehicle in Transport,0,No,3,Intersection-Related,3,T-Intersection,4,On Roadside,0,None,2,Dark - Not Lighted,1,Clear,0,No,0000000,Not Applicable,99,Unknown,99,Unknown,99,Unknown EMS Scene Arrival Hour,99,Unknown EMS Scene Arrival Minutes,99,Unknown,99,Unknown EMS Hospital Arrival Time,1
48,Texas,480111,0,0,2,2,0,2,2,29,BEXAR (29),0,NOT APPLICABLE,1,January,13,13,5,Thursday,2022,13,1:00pm-1:59pm,17,17,SR-1604,FM 143,3,State Highway,2,Urban,4,Minor Arterial,98,Not Reported,0,This section IS NOT on the NHS,0,No Special Jurisdiction,0,None,29.36484167,29.36484167,-98.69397222,-98.69397222,12,Motor Vehicle In-Transport,6,Angle,0,No,2,Intersection,2,Four-Way Intersection,1,On Roadway,0,None,1,Daylight,1,Clear,0,No,0000000,Not Applicable,99,Unknown,99,Unknown,99,Unknown EMS Scene Arrival Hour,99,Unknown EMS Scene Arrival Minutes,99,Unknown,99,Unknown EMS Hospital Arrival Time,1