STATE,STATENAME,ST_CASE,PEDS,PERNOTMVIT,VE_TOTAL,VE_FORMS,PVH_INVL,PERSONS,PERMVIT,COUNTY,COUNTYNAME,CITY,CITYNAME,MONTH,MONTHNAME,DAY,DAYNAME,DAY_WEEK,DAY_WEEKNAME,YEAR,HOUR,HOURNAME,MINUTE,MINUTENAME,TWAY_ID,TWAY_ID2,ROUTE,ROUTENAME,RUR_URB,RUR_URBNAME,FUNC_SYS,FUNC_SYSNAME,RD_OWNER,RD_OWNERNAME,NHS,NHSNAME,SP_JUR,SP_JURNAME,MILEPT,MILEPTNAME,LATITUDE,LATITUDENAME,LONGITUD,LONGITUDNAME,HARM_EV,HARM_EVNAME,MAN_COLL,MAN_COLLNAME,RELJCT1,RELJCT1NAME,RELJCT2,RELJCT2NAME,TYP_INT,TYP_INTNAME,REL_ROAD,REL_ROADNAME,WRK_ZONE,WRK_ZONENAME,LGT_COND,LGT_CONDNAME,WEATHER,WEATHERNAME,SCH_BUS,SCH_BUSNAME,RAIL,RAILNAME,NOT_HOUR,NOT_HOURNAME,NOT_MIN,NOT_MINNAME,ARR_HOUR,ARR_HOURNAME,ARR_MIN,ARR_MINNAME,HOSP_HR,HOSP_HRNAME,HOSP_MN,HOSP_MNNAME,FATALS
48,Texas,480149,0,0,3,3,0,4,4,287,LEE (287),0,NOT APPLICABLE,1,January,12,12,4,Wednesday,2022,14,2:00pm-2:59pm,33,33,US-77,NA,2,US Highway,1,Rural,3,Principal Arterial - Other,98,Not Reported,1,This section IS ON the NHS,0,No Special Jurisdiction,277,277,30.16344167,30.16344167,-96.92181111,-96.92181111,12,Motor Vehicle In-Transport,2,Front-to-Front,0,No,1,Non-Junction,1,Not an Intersection,1,On Roadway,0,None,1,Daylight,1,Clear,0,No,0000000,Not Applicable,99,Unknown,98,Unknown if Notified,99,Unknown EMS Scene Arrival Hour,98,Unknown if Arrived,88,Not Applicable (Not Transported),88,Not Applicable (Not Transported),1
48,Texas,480150,0,0,3,3,0,3,3,439,TARRANT (439),2450,FORT WORTH,1,January,12,12,4,Wednesday,2022,17,5:00pm-5:59pm,0,0,I-820,I-820 RAMP,1,Interstate,2,Urban,1,Interstate,1,State Highway Agency,1,This section IS ON the NHS,0,No Special Jurisdiction,99998,Not Reported,32.71252778,32.71252778,-97.23807222,-97.23807222,12,Motor Vehicle In-Transport,6,Angle,1,Yes,3,Intersection-Related,4,Y-Intersection,1,On Roadway,0,None,3,Dark - Lighted,1,Clear,0,No,0000000,Not Applicable,99,Unknown,99,Unknown,99,Unknown EMS Scene Arrival Hour,99,Unknown EMS Scene Arrival Minutes,99,Unknown,99,Unknown EMS Hospital Arrival Time,1
48,Texas,480151,0,0,2,2,0,2,2,439,TARRANT (439),2450,FORT WORTH,1,January,22,22,7,Saturday,2022,0,0:00am-0:59am,36,36,FM 731 CROWLEY RD,RISINGER RD,6,Local Street - Municipality,2,Urban,3,Principal Arterial - Other,98,Not Reported,1,This section IS ON the NHS,0,No Special Jurisdiction,136,136,32.61408889,32.61408889,-97.34985278,-97.34985278,12,Motor Vehicle In-Transport,6,Angle,0,No,2,Intersection,2,Four-Way Intersection,1,On Roadway,0,None,3,Dark - Lighted,1,Clear,0,No,0000000,Not Applicable,99,Unknown,99,Unknown,99,Unknown EMS Scene Arrival Hour,99,Unknown EMS Scene Arrival Minutes,99,Unknown,99,Unknown EMS Hospital Arrival Time,1
48,Texas,480152,0,0,1,1,0,1,1,439,TARRANT (439),2450,FORT WORTH,1,January,21,21,6,Friday,2022,4,4:00am-4:59am,13,13,I-30,NA,1,Interstate,2,Urban,1,Interstate,1,State Highway Agency,1,This section IS ON the NHS,0,No Special Jurisdiction,196,196,32.76049444,32.76049444,-97.22994167,-97.22994167,24,Guardrail Face,0,The First Harmful Event was Not a Collision with a Motor Vehicle in Transport,0,No,1,Non-Junction,1,Not an Intersection,10,Separator,0,None,2,Dark - Not Lighted,1,Clear,0,No,0000000,Not Applicable,99,Unknown,98,Unknown if Notified,99,Unknown EMS Scene Arrival Hour,98,Unknown if Arrived,88,Not Applicable (Not Transported),88,Not Applicable (Not Transported),1
48,Texas,480153,1,1,1,1,0,1,1,27,BELL (27),3690,KILLEEN,1,January,13,13,5,Thursday,2022,18,6:00pm-6:59pm,56,56,FM 439/RANCIER AVE,NA,8,Other,2,Urban,3,Principal Arterial - Other,98,Not Reported,1,This section IS ON the NHS,0,No Special Jurisdiction,130,130,31.11601944,31.11601944,-97.68496944,-97.68496944,8,Pedestrian,0,The First Harmful Event was Not a Collision with a Motor Vehicle in Transport,0,No,1,Non-Junction,1,Not an Intersection,1,On Roadway,0,None,3,Dark - Lighted,1,Clear,0,No,0000000,Not Applicable,99,Unknown,99,Unknown,99,Unknown EMS Scene Arrival Hour,99,Unknown EMS Scene Arrival Minutes,99,Unknown,99,Unknown EMS Hospital Arrival Time,1
48,Texas,480154,0,0,1,1,0,3,3,1,ANDERSON (1),0,NOT APPLICABLE,1,January,22,22,7,Saturday,2022,23,11:00pm-11:59pm,5,5,US-287,NA,2,US Highway,1,Rural,4,Minor Arterial,98,Not Reported,0,This section IS NOT on the NHS,0,No Special Jurisdiction,234,234,31.80031944,31.80031944,-95.71958056,-95.71958056,1,Rollover/Overturn,0,The First Harmful Event was Not a Collision with a Motor Vehicle in Transport,0,No,1,Non-Junction,1,Not an Intersection,4,On Roadside,0,None,2,Dark - Not Lighted,1,Clear,0,No,0000000,Not Applicable,99,Unknown,98,Unknown if Notified,99,Unknown EMS Scene Arrival Hour,98,Unknown if Arrived,88,Not Applicable (Not Transported),88,Not Applicable (Not Transported),3
48,Texas,480155,0,0,2,2,0,5,5,467,VAN ZANDT (467),0,NOT APPLICABLE,1,January,12,12,4,Wednesday,2022,12,12:00pm-12:59pm,37,37,I-20,NA,1,Interstate,1,Rural,1,Interstate,1,State Highway Agency,1,This section IS ON the NHS,0,No Special Jurisdiction,154,154,32.56913889,32.56913889,-95.831725,-95.831725,12,Motor Vehicle In-Transport,1,Front-to-Rear,1,Yes,18,Through Roadway,1,Not an Intersection,1,On Roadway,0,None,1,Daylight,1,Clear,0,No,0000000,Not Applicable,99,Unknown,99,Unknown,99,Unknown EMS Scene Arrival Hour,99,Unknown EMS Scene Arrival Minutes,99,Unknown,99,Unknown EMS Hospital Arrival Time,1
48,Texas,480156,1,1,1,1,0,1,1,113,DALLAS (113),1730,DALLAS,1,January,17,17,2,Monday,2022,16,4:00pm-4:59pm,44,44,TISINGER AVE,NA,6,Local Street - Municipality,2,Urban,7,Local,98,Not Reported,0,This section IS NOT on the NHS,0,No Special Jurisdiction,0,None,32.84939167,32.84939167,-96.66614722,-96.66614722,8,Pedestrian,0,The First Harmful Event was Not a Collision with a Motor Vehicle in Transport,0,No,1,Non-Junction,1,Not an Intersection,1,On Roadway,0,None,1,Daylight,1,Clear,0,No,0000000,Not Applicable,99,Unknown,99,Unknown,99,Unknown EMS Scene Arrival Hour,99,Unknown EMS Scene Arrival Minutes,99,Unknown,99,Unknown EMS Hospital Arrival Time,1
48,Texas,480157,1,1,2,2,0,5,5,29,BEXAR (29),6090,SAN ANTONIO,1,January,17,17,2,Monday,2022,18,6:00pm-6:59pm,44,44,I-410/CONNALLY LOOP,Fredericksburg RD,7,Local Street - Frontage Road,2,Urban,5,Major Collector,1,State Highway Agency,0,This section IS NOT on the NHS,0,No Special Jurisdiction,161,161,29.49351389,29.49351389,-98.55463333,-98.55463333,12,Motor Vehicle In-Transport,1,Front-to-Rear,1,Yes,3,Intersection-Related,2,Four-Way Intersection,1,On Roadway,0,None,1,Daylight,1,Clear,0,No,0000000,Not Applicable,18,6:00pm-6:59pm,44,44,19,7:00pm-7:59pm,18,18,19,7:00pm-7:59pm,41,41,2
48,Texas,480158,0,0,2,2,0,2,2,339,MONTGOMERY (339),4667,MONTGOMERY,1,January,17,17,2,Monday,2022,21,9:00pm-9:59pm,10,10,SR-105/CR-EVA ST,NA,3,State Highway,1,Rural,3,Principal Arterial - Other,98,Not Reported,1,This section IS ON the NHS,0,No Special Jurisdiction,84,84,30.387725,30.387725,-95.67865833,-95.67865833,12,Motor Vehicle In-Transport,6,Angle,0,No,8,Driveway Access Related,1,Not an Intersection,1,On Roadway,0,None,2,Dark - Not Lighted,1,Clear,0,No,0000000,Not Applicable,21,9:00pm-9:59pm,11,11,21,9:00pm-9:59pm,15,15,21,9:00pm-9:59pm,53,53,1
48,Texas,480159,0,0,1,1,0,2,2,201,HARRIS (201),3280,HOUSTON,1,January,23,23,1,Sunday,2022,3,3:00am-3:59am,11,11,SR-8 LOOP/SAM HOUSTON PKWY,NA,7,Local Street - Frontage Road,2,Urban,3,Principal Arterial - Other,98,Not Reported,1,This section IS ON the NHS,0,No Special Jurisdiction,117,117,29.78545833,29.78545833,-95.56364167,-95.56364167,33,Curb,0,The First Harmful Event was Not a Collision with a Motor Vehicle in Transport,1,Yes,19,Other location within Interchange Area,1,Not an Intersection,10,Separator,0,None,3,Dark - Lighted,1,Clear,0,No,0000000,Not Applicable,99,Unknown,99,Unknown,99,Unknown EMS Scene Arrival Hour,99,Unknown EMS Scene Arrival Minutes,99,Unknown,99,Unknown EMS Hospital Arrival Time,2
48,Texas,480160,2,2,1,1,0,1,1,113,DALLAS (113),1730,DALLAS,1,January,16,16,1,Sunday,2022,3,3:00am-3:59am,44,44,SR-354,NA,3,State Highway,2,Urban,3,Principal Arterial - Other,98,Not Reported,0,This section IS NOT on the NHS,0,No Special Jurisdiction,99998,Not Reported,32.90360833,32.90360833,-96.89369167,-96.89369167,8,Pedestrian,0,The First Harmful Event was Not a Collision with a Motor Vehicle in Transport,0,No,1,Non-Junction,1,Not an Intersection,1,On Roadway,0,None,3,Dark - Lighted,1,Clear,0,No,0000000,Not Applicable,99,Unknown,99,Unknown,99,Unknown EMS Scene Arrival Hour,99,Unknown EMS Scene Arrival Minutes,99,Unknown,99,Unknown EMS Hospital Arrival Time,1
48,Texas,480161,0,0,2,2,0,4,4,29,BEXAR (29),0,NOT APPLICABLE,1,January,8,8,7,Saturday,2022,15,3:00pm-3:59pm,50,50,BULVERDE RD,NA,6,Local Street - Municipality,2,Urban,4,Minor Arterial,98,Not Reported,0,This section IS NOT on the NHS,0,No Special Jurisdiction,0,None,29.65607222,29.65607222,-98.43152778,-98.43152778,33,Curb,0,The First Harmful Event was Not a Collision with a Motor Vehicle in Transport,0,No,1,Non-Junction,1,Not an Intersection,4,On Roadside,0,None,1,Daylight,10,Cloudy,0,No,0000000,Not Applicable,15,3:00pm-3:59pm,50,50,15,3:00pm-3:59pm,52,52,17,5:00pm-5:59pm,24,24,2
48,Texas,480162,0,0,1,1,0,1,1,375,POTTER (375),0,NOT APPLICABLE,1,January,22,22,7,Saturday,2022,1,1:00am-1:59am,55,55,SR-136,NA,3,State Highway,1,Rural,4,Minor Arterial,98,Not Reported,0,This section IS NOT on the NHS,0,No Special Jurisdiction,18,18,35.34023333,35.34023333,-101.64723056,-101.64723056,38,Fence,0,The First Harmful Event was Not a Collision with a Motor Vehicle in Transport,0,No,1,Non-Junction,1,Not an Intersection,5,Outside Trafficway,0,None,2,Dark - Not Lighted,1,Clear,0,No,0000000,Not Applicable,99,Unknown,98,Unknown if Notified,99,Unknown EMS Scene Arrival Hour,98,Unknown if Arrived,88,Not Applicable (Not Transported),88,Not Applicable (Not Transported),1
48,Texas,480163,0,0,1,1,0,2,2,67,CASS (67),5580,QUEEN CITY,1,January,20,20,5,Thursday,2022,15,3:00pm-3:59pm,42,42,FM 2791,NA,8,Other,2,Urban,5,Major Collector,98,Not Reported,0,This section IS NOT on the NHS,0,No Special Jurisdiction,92,92,33.14469167,33.14469167,-94.17565833,-94.17565833,5,Fell/Jumped from Vehicle,0,The First Harmful Event was Not a Collision with a Motor Vehicle in Transport,0,No,1,Non-Junction,1,Not an Intersection,1,On Roadway,0,None,1,Daylight,1,Clear,0,No,0000000,Not Applicable,99,Unknown,98,Unknown if Notified,99,Unknown EMS Scene Arrival Hour,98,Unknown if Arrived,88,Not Applicable (Not Transported),88,Not Applicable (Not Transported),1
48,Texas,480164,0,0,3,3,0,5,5,439,TARRANT (439),0,NOT APPLICABLE,1,January,13,13,5,Thursday,2022,15,3:00pm-3:59pm,36,36,FM 1187,COUNTRY SQUIRE LN,8,Other,2,Urban,3,Principal Arterial - Other,98,Not Reported,1,This section IS ON the NHS,0,No Special Jurisdiction,236,236,32.57981111,32.57981111,-97.25819167,-97.25819167,12,Motor Vehicle In-Transport,1,Front-to-Rear,0,No,3,Intersection-Related,3,T-Intersection,1,On Roadway,0,None,1,Daylight,1,Clear,0,No,0000000,Not Applicable,15,3:00pm-3:59pm,38,38,15,3:00pm-3:59pm,43,43,16,4:00pm-4:59pm,14,14,1
48,Texas,480165,0,0,1,1,0,1,1,479,WEBB (479),3899,LAREDO,1,January,14,14,6,Friday,2022,8,8:00am-8:59am,35,35,FM 1472/CR-MINES RD,NA,8,Other,1,Rural,3,Principal Arterial - Other,98,Not Reported,1,This section IS ON the NHS,0,No Special Jurisdiction,63,63,27.65147222,27.65147222,-99.62585556,-99.62585556,1,Rollover/Overturn,0,The First Harmful Event was Not a Collision with a Motor Vehicle in Transport,0,No,1,Non-Junction,1,Not an Intersection,1,On Roadway,0,None,1,Daylight,1,Clear,0,No,0000000,Not Applicable,99,Unknown,98,Unknown if Notified,99,Unknown EMS Scene Arrival Hour,98,Unknown if Arrived,88,Not Applicable (Not Transported),88,Not Applicable (Not Transported),1
48,Texas,480167,0,0,2,2,0,3,3,251,JOHNSON (251),0,NOT APPLICABLE,1,January,23,23,1,Sunday,2022,18,6:00pm-6:59pm,53,53,FM 2331,NA,8,Other,1,Rural,6,Minor Collector,98,Not Reported,0,This section IS NOT on the NHS,0,No Special Jurisdiction,41,41,32.39755556,32.39755556,-97.54882778,-97.54882778,12,Motor Vehicle In-Transport,1,Front-to-Rear,0,No,1,Non-Junction,1,Not an Intersection,1,On Roadway,0,None,2,Dark - Not Lighted,1,Clear,0,No,0000000,Not Applicable,99,Unknown,99,Unknown,99,Unknown EMS Scene Arrival Hour,99,Unknown EMS Scene Arrival Minutes,99,Unknown,99,Unknown EMS Hospital Arrival Time,1
48,Texas,480168,0,0,2,2,0,3,3,175,GOLIAD (175),0,NOT APPLICABLE,1,January,20,20,5,Thursday,2022,7,7:00am-7:59am,9,9,US-183,NA,2,US Highway,1,Rural,4,Minor Arterial,98,Not Reported,0,This section IS NOT on the NHS,0,No Special Jurisdiction,36,36,28.74766667,28.74766667,-97.38598333,-97.38598333,12,Motor Vehicle In-Transport,2,Front-to-Front,0,No,1,Non-Junction,1,Not an Intersection,1,On Roadway,0,None,4,Dawn,1,Clear,0,No,0000000,Not Applicable,7,7:00am-7:59am,13,13,7,7:00am-7:59am,24,24,8,8:00am-8:59am,13,13,1
48,Texas,480169,0,0,3,3,0,4,4,439,TARRANT (439),3594,KELLER,1,January,18,18,3,Tuesday,2022,12,12:00pm-12:59pm,35,35,US-377/MAIN ST,NA,2,US Highway,2,Urban,3,Principal Arterial - Other,98,Not Reported,1,This section IS ON the NHS,0,No Special Jurisdiction,266,266,32.89696944,32.89696944,-97.25828611,-97.25828611,12,Motor Vehicle In-Transport,6,Angle,0,No,8,Driveway Access Related,1,Not an Intersection,1,On Roadway,0,None,1,Daylight,1,Clear,0,No,0000000,Not Applicable,12,12:00pm-12:59pm,34,34,12,12:00pm-12:59pm,44,44,13,1:00pm-1:59pm,14,14,1
48,Texas,480170,0,0,1,1,0,1,1,451,TOM GREEN (451),6080,SAN ANGELO,1,January,24,24,2,Monday,2022,22,10:00pm-10:59pm,22,22,VETERANS MEMORIAL DR,NA,6,Local Street - Municipality,2,Urban,7,Local,98,Not Reported,0,This section IS NOT on the NHS,0,No Special Jurisdiction,0,None,31.45547778,31.45547778,-100.44681667,-100.44681667,42,Tree (Standing Only),0,The First Harmful Event was Not a Collision with a Motor Vehicle in Transport,0,No,1,Non-Junction,1,Not an Intersection,4,On Roadside,0,None,3,Dark - Lighted,1,Clear,0,No,0000000,Not Applicable,99,Unknown,99,Unknown,99,Unknown EMS Scene Arrival Hour,99,Unknown EMS Scene Arrival Minutes,99,Unknown,99,Unknown EMS Hospital Arrival Time,1
48,Texas,480171,0,0,3,3,0,6,6,1,ANDERSON (1),0,NOT APPLICABLE,1,January,21,21,6,Friday,2022,14,2:00pm-2:59pm,0,0,SR-19,NA,3,State Highway,1,Rural,4,Minor Arterial,98,Not Reported,0,This section IS NOT on the NHS,0,No Special Jurisdiction,169,169,31.81137222,31.81137222,-95.69009444,-95.69009444,12,Motor Vehicle In-Transport,2,Front-to-Front,0,No,1,Non-Junction,1,Not an Intersection,1,On Roadway,0,None,1,Daylight,1,Clear,0,No,0000000,Not Applicable,99,Unknown,99,Unknown,99,Unknown EMS Scene Arrival Hour,99,Unknown EMS Scene Arrival Minutes,99,Unknown,99,Unknown EMS Hospital Arrival Time,3
48,Texas,480172,0,0,1,1,0,1,1,223,HOPKINS (223),0,NOT APPLICABLE,1,January,18,18,3,Tuesday,2022,8,8:00am-8:59am,14,14,FM 3019,NA,8,Other,1,Rural,6,Minor Collector,98,Not Reported,0,This section IS NOT on the NHS,0,No Special Jurisdiction,52,52,33.03525556,33.03525556,-95.3122,-95.3122,1,Rollover/Overturn,0,The First Harmful Event was Not a Collision with a Motor Vehicle in Transport,0,No,1,Non-Junction,1,Not an Intersection,4,On Roadside,0,None,1,Daylight,10,Cloudy,0,No,0000000,Not Applicable,99,Unknown,99,Unknown,99,Unknown EMS Scene Arrival Hour,99,Unknown EMS Scene Arrival Minutes,99,Unknown,99,Unknown EMS Hospital Arrival Time,1
48,Texas,480173,0,0,1,1,0,1,1,203,HARRISON (203),0,NOT APPLICABLE,1,January,17,17,2,Monday,2022,15,3:00pm-3:59pm,1,1,SR-281 LP,NA,3,State Highway,2,Urban,3,Principal Arterial - Other,98,Not Reported,1,This section IS ON the NHS,0,No Special Jurisdiction,99998,Not Reported,32.46767778,32.46767778,-94.668825,-94.668825,1,Rollover/Overturn,0,The First Harmful Event was Not a Collision with a Motor Vehicle in Transport,0,No,1,Non-Junction,1,Not an Intersection,1,On Roadway,0,None,1,Daylight,1,Clear,0,No,0000000,Not Applicable,99,Unknown,98,Unknown if Notified,99,Unknown EMS Scene Arrival Hour,98,Unknown if Arrived,88,Not Applicable (Not Transported),88,Not Applicable (Not Transported),1
48,Texas,480174,0,0,2,2,0,2,2,467,VAN ZANDT (467),0,NOT APPLICABLE,1,January,10,10,2,Monday,2022,16,4:00pm-4:59pm,15,15,SR-64,NA,3,State Highway,1,Rural,4,Minor Arterial,98,Not Reported,0,This section IS NOT on the NHS,0,No Special Jurisdiction,334,334,32.39769167,32.39769167,-95.56921667,-95.56921667,12,Motor Vehicle In-Transport,1,Front-to-Rear,0,No,1,Non-Junction,1,Not an Intersection,1,On Roadway,0,None,1,Daylight,1,Clear,1,Yes,0000000,Not Applicable,99,Unknown,99,Unknown,99,Unknown EMS Scene Arrival Hour,99,Unknown EMS Scene Arrival Minutes,99,Unknown,99,Unknown EMS Hospital Arrival Time,1
48,Texas,480175,1,1,1,1,0,1,1,201,HARRIS (201),3280,HOUSTON,1,January,16,16,1,Sunday,2022,16,4:00pm-4:59pm,53,53,DUNLAVY ST,HAROLD ST,6,Local Street - Municipality,2,Urban,4,Minor Arterial,98,Not Reported,0,This section IS NOT on the NHS,0,No Special Jurisdiction,0,None,29.74116389,29.74116389,-95.40208611,-95.40208611,8,Pedestrian,0,The First Harmful Event was Not a Collision with a Motor Vehicle in Transport,0,No,3,Intersection-Related,2,Four-Way Intersection,1,On Roadway,0,None,1,Daylight,1,Clear,0,No,0000000,Not Applicable,99,Unknown,99,Unknown,99,Unknown EMS Scene Arrival Hour,99,Unknown EMS Scene Arrival Minutes,99,Unknown,99,Unknown EMS Hospital Arrival Time,1
48,Texas,480176,0,0,1,1,0,1,1,173,GLASSCOCK (173),0,NOT APPLICABLE,1,January,5,5,4,Wednesday,2022,17,5:00pm-5:59pm,17,17,RM 33,NA,8,Other,1,Rural,5,Major Collector,98,Not Reported,0,This section IS NOT on the NHS,0,No Special Jurisdiction,145,145,31.89280278,31.89280278,-101.48592222,-101.48592222,38,Fence,0,The First Harmful Event was Not a Collision with a Motor Vehicle in Transport,0,No,1,Non-Junction,1,Not an Intersection,5,Outside Trafficway,0,None,1,Daylight,1,Clear,0,No,0000000,Not Applicable,99,Unknown,98,Unknown if Notified,99,Unknown EMS Scene Arrival Hour,98,Unknown if Arrived,88,Not Applicable (Not Transported),88,Not Applicable (Not Transported),1
48,Texas,480177,0,0,1,1,0,1,1,201,HARRIS (201),3280,HOUSTON,1,January,15,15,7,Saturday,2022,19,7:00pm-7:59pm,56,56,I-610,NA,1,Interstate,2,Urban,1,Interstate,1,State Highway Agency,1,This section IS ON the NHS,0,No Special Jurisdiction,30,30,29.73975,29.73975,-95.26486389,-95.26486389,31,"Post, Pole or Other Supports",0,The First Harmful Event was Not a Collision with a Motor Vehicle in Transport,0,No,1,Non-Junction,1,Not an Intersection,4,On Roadside,0,None,3,Dark - Lighted,1,Clear,0,No,0000000,Not Applicable,99,Unknown,98,Unknown if Notified,99,Unknown EMS Scene Arrival Hour,98,Unknown if Arrived,88,Not Applicable (Not Transported),88,Not Applicable (Not Transported),1
48,Texas,480178,0,0,1,1,0,1,1,141,EL PASO (141),2190,EL PASO,1,January,21,21,6,Friday,2022,2,2:00am-2:59am,30,30,I-10,NA,1,Interstate,2,Urban,1,Interstate,1,State Highway Agency,1,This section IS ON the NHS,0,No Special Jurisdiction,308,308,31.74321667,31.74321667,-106.33041111,-106.33041111,24,Guardrail Face,0,The First Harmful Event was Not a Collision with a Motor Vehicle in Transport,1,Yes,19,Other location within Interchange Area,1,Not an Intersection,10,Separator,0,None,3,Dark - Lighted,1,Clear,0,No,0000000,Not Applicable,99,Unknown,98,Unknown if Notified,99,Unknown EMS Scene Arrival Hour,98,Unknown if Arrived,88,Not Applicable (Not Transported),88,Not Applicable (Not Transported),1
48,Texas,480179,1,1,1,1,0,2,2,439,TARRANT (439),2255,EULESS,1,January,22,22,7,Saturday,2022,23,11:00pm-11:59pm,11,11,SR-10/EULESS BLVD,NA,3,State Highway,2,Urban,3,Principal Arterial - Other,98,Not Reported,1,This section IS ON the NHS,0,No Special Jurisdiction,95,95,32.83371389,32.83371389,-97.09102222,-97.09102222,8,Pedestrian,0,The First Harmful Event was Not a Collision with a Motor Vehicle in Transport,0,No,1,Non-Junction,1,Not an Intersection,1,On Roadway,0,None,3,Dark - Lighted,1,Clear,0,No,0000000,Not Applicable,23,11:00pm-11:59pm,11,11,23,11:00pm-11:59pm,15,15,23,11:00pm-11:59pm,38,38,1
48,Texas,480180,0,0,2,2,0,4,4,157,FORT BEND (157),6887,THOMPSONS,1,January,20,20,5,Thursday,2022,11,11:00am-11:59am,28,28,FM 2759,CARROLL RD,8,Other,2,Urban,5,Major Collector,98,Not Reported,0,This section IS NOT on the NHS,0,No Special Jurisdiction,0,None,29.51020833,29.51020833,-95.60946667,-95.60946667,12,Motor Vehicle In-Transport,6,Angle,0,No,2,Intersection,3,T-Intersection,1,On Roadway,0,None,1,Daylight,10,Cloudy,0,No,0000000,Not Applicable,99,Unknown,99,Unknown,99,Unknown EMS Scene Arrival Hour,99,Unknown EMS Scene Arrival Minutes,88,Not Applicable (Not Transported),88,Not Applicable (Not Transported),1
48,Texas,480181,0,0,2,2,0,2,2,439,TARRANT (439),2450,FORT WORTH,1,January,21,21,6,Friday,2022,1,1:00am-1:59am,47,47,SR-183,NA,3,State Highway,2,Urban,2,Principal Arterial - Other Freeways and Expressways,98,Not Reported,1,This section IS ON the NHS,0,No Special Jurisdiction,51,51,32.680075,32.680075,-97.39183333,-97.39183333,12,Motor Vehicle In-Transport,1,Front-to-Rear,1,Yes,18,Through Roadway,1,Not an Intersection,1,On Roadway,0,None,3,Dark - Lighted,1,Clear,0,No,0000000,Not Applicable,99,Unknown,99,Unknown,99,Unknown EMS Scene Arrival Hour,99,Unknown EMS Scene Arrival Minutes,99,Unknown,99,Unknown EMS Hospital Arrival Time,1
48,Texas,480182,1,1,1,1,0,1,1,29,BEXAR (29),6090,SAN ANTONIO,1,January,25,25,3,Tuesday,2022,0,0:00am-0:59am,28,28,CULEBRA RD,NA,6,Local Street - Municipality,2,Urban,4,Minor Arterial,98,Not Reported,0,This section IS NOT on the NHS,0,No Special Jurisdiction,0,None,29.44830833,29.44830833,-98.55817222,-98.55817222,8,Pedestrian,0,The First Harmful Event was Not a Collision with a Motor Vehicle in Transport,0,No,1,Non-Junction,1,Not an Intersection,1,On Roadway,0,None,3,Dark - Lighted,5,"Fog, Smog, Smoke",0,No,0000000,Not Applicable,99,Unknown,98,Unknown if Notified,99,Unknown EMS Scene Arrival Hour,98,Unknown if Arrived,88,Not Applicable (Not Transported),88,Not Applicable (Not Transported),1
48,Texas,480183,0,0,2,2,0,3,3,209,HAYS (209),0,NOT APPLICABLE,1,January,22,22,7,Saturday,2022,23,11:00pm-11:59pm,7,7,RM 12,NA,8,Other,1,Rural,4,Minor Arterial,98,Not Reported,0,This section IS NOT on the NHS,0,No Special Jurisdiction,88,88,30.07371944,30.07371944,-98.09154444,-98.09154444,12,Motor Vehicle In-Transport,6,Angle,0,No,1,Non-Junction,1,Not an Intersection,1,On Roadway,0,None,2,Dark - Not Lighted,1,Clear,0,No,0000000,Not Applicable,99,Unknown,99,Unknown,99,Unknown EMS Scene Arrival Hour,99,Unknown EMS Scene Arrival Minutes,99,Unknown,99,Unknown EMS Hospital Arrival Time,2
48,Texas,480184,0,0,1,1,0,1,1,209,HAYS (209),0,NOT APPLICABLE,1,January,19,19,4,Wednesday,2022,16,4:00pm-4:59pm,1,1,CR-235/CR-POSEY RD,NA,4,County Road,1,Rural,5,Major Collector,98,Not Reported,0,This section IS NOT on the NHS,0,No Special Jurisdiction,0,None,29.82203056,29.82203056,-98.00332778,-98.00332778,10,Railway Vehicle,0,The First Harmful Event was Not a Collision with a Motor Vehicle in Transport,0,No,6,Railway Grade Crossing,1,Not an Intersection,1,On Roadway,0,None,1,Daylight,1,Clear,0,No,447689W,447689W,99,Unknown,98,Unknown if Notified,99,Unknown EMS Scene Arrival Hour,98,Unknown if Arrived,88,Not Applicable (Not Transported),88,Not Applicable (Not Transported),1
48,Texas,480185,0,0,2,2,0,3,3,213,HENDERSON (213),2256,EUSTACE,1,January,19,19,4,Wednesday,2022,9,9:00am-9:59am,13,13,US-175,NA,2,US Highway,1,Rural,3,Principal Arterial - Other,98,Not Reported,1,This section IS ON the NHS,0,No Special Jurisdiction,62,62,32.30408056,32.30408056,-95.99904167,-95.99904167,12,Motor Vehicle In-Transport,2,Front-to-Front,0,No,1,Non-Junction,1,Not an Intersection,1,On Roadway,0,None,1,Daylight,1,Clear,0,No,0000000,Not Applicable,99,Unknown,99,Unknown,99,Unknown EMS Scene Arrival Hour,99,Unknown EMS Scene Arrival Minutes,99,Unknown,99,Unknown EMS Hospital Arrival Time,1
48,Texas,480186,0,0,2,2,0,2,2,3,ANDREWS (3),0,NOT APPLICABLE,1,January,21,21,6,Friday,2022,15,3:00pm-3:59pm,35,35,SR-115,NA,3,State Highway,1,Rural,4,Minor Arterial,98,Not Reported,0,This section IS NOT on the NHS,0,No Special Jurisdiction,99,99,32.43455278,32.43455278,-102.34511389,-102.34511389,18,Other Object (not fixed),0,The First Harmful Event was Not a Collision with a Motor Vehicle in Transport,0,No,1,Non-Junction,1,Not an Intersection,1,On Roadway,0,None,1,Daylight,1,Clear,0,No,0000000,Not Applicable,99,Unknown,99,Unknown,99,Unknown EMS Scene Arrival Hour,99,Unknown EMS Scene Arrival Minutes,99,Unknown,99,Unknown EMS Hospital Arrival Time,1