STATE,STATENAME,ST_CASE,PEDS,PERNOTMVIT,VE_TOTAL,VE_FORMS,PVH_INVL,PERSONS,PERMVIT,COUNTY,COUNTYNAME,CITY,CITYNAME,MONTH,MONTHNAME,DAY,DAYNAME,DAY_WEEK,DAY_WEEKNAME,YEAR,HOUR,HOURNAME,MINUTE,MINUTENAME,TWAY_ID,TWAY_ID2,ROUTE,ROUTENAME,RUR_URB,RUR_URBNAME,FUNC_SYS,FUNC_SYSNAME,RD_OWNER,RD_OWNERNAME,NHS,NHSNAME,SP_JUR,SP_JURNAME,MILEPT,MILEPTNAME,LATITUDE,LATITUDENAME,LONGITUD,LONGITUDNAME,HARM_EV,HARM_EVNAME,MAN_COLL,MAN_COLLNAME,RELJCT1,RELJCT1NAME,RELJCT2,RELJCT2NAME,TYP_INT,TYP_INTNAME,REL_ROAD,REL_ROADNAME,WRK_ZONE,WRK_ZONENAME,LGT_COND,LGT_CONDNAME,WEATHER,WEATHERNAME,SCH_BUS,SCH_BUSNAME,RAIL,RAILNAME,NOT_HOUR,NOT_HOURNAME,NOT_MIN,NOT_MINNAME,ARR_HOUR,ARR_HOURNAME,ARR_MIN,ARR_MINNAME,HOSP_HR,HOSP_HRNAME,HOSP_MN,HOSP_MNNAME,FATALS
48,Texas,480521,0,0,4,4,0,9,9,201,HARRIS (201),3280,HOUSTON,1,January,23,23,1,Sunday,2022,13,1:00pm-1:59pm,4,4,BINGLE RD,HEMPSTEAD HWY,6,Local Street - Municipality,2,Urban,3,Principal Arterial - Other,98,Not Reported,0,This section IS NOT on the NHS,0,No Special Jurisdiction,0,None,29.83320278,29.83320278,-95.49083611,-95.49083611,12,Motor Vehicle In-Transport,6,Angle,0,No,2,Intersection,2,Four-Way Intersection,1,On Roadway,0,None,1,Daylight,1,Clear,0,No,0000000,Not Applicable,99,Unknown,99,Unknown,99,Unknown EMS Scene Arrival Hour,99,Unknown EMS Scene Arrival Minutes,1,1:00am-1:59am,38,38,1
48,Texas,480522,0,0,2,2,0,2,2,245,JEFFERSON (245),5430,PORT ARTHUR,2,February,27,27,1,Sunday,2022,3,3:00am-3:59am,54,54,FM 365,JADE AVE,8,Other,2,Urban,4,Minor Arterial,98,Not Reported,0,This section IS NOT on the NHS,0,No Special Jurisdiction,137,137,29.91429167,29.91429167,-94.032325,-94.032325,12,Motor Vehicle In-Transport,6,Angle,0,No,2,Intersection,2,Four-Way Intersection,1,On Roadway,0,None,2,Dark - Not Lighted,1,Clear,0,No,0000000,Not Applicable,99,Unknown,98,Unknown if Notified,99,Unknown EMS Scene Arrival Hour,98,Unknown if Arrived,88,Not Applicable (Not Transported),88,Not Applicable (Not Transported),1
48,Texas,480523,0,0,3,3,0,3,3,209,HAYS (209),0,NOT APPLICABLE,2,February,10,10,5,Thursday,2022,17,5:00pm-5:59pm,51,51,US-290,RM 165,2,US Highway,1,Rural,3,Principal Arterial - Other,98,Not Reported,1,This section IS ON the NHS,0,No Special Jurisdiction,13,13,30.19331944,30.19331944,-98.21506111,-98.21506111,12,Motor Vehicle In-Transport,2,Front-to-Front,0,No,2,Intersection,3,T-Intersection,1,On Roadway,0,None,1,Daylight,1,Clear,0,No,0000000,Not Applicable,99,Unknown,99,Unknown,99,Unknown EMS Scene Arrival Hour,99,Unknown EMS Scene Arrival Minutes,99,Unknown,99,Unknown EMS Hospital Arrival Time,1
48,Texas,480524,0,0,1,1,0,1,1,271,KINNEY (271),0,NOT APPLICABLE,2,February,2,2,4,Wednesday,2022,19,7:00pm-7:59pm,15,15,US-90,NA,2,US Highway,1,Rural,3,Principal Arterial - Other,98,Not Reported,1,This section IS ON the NHS,0,No Special Jurisdiction,147,147,29.32619722,29.32619722,-100.479775,-100.479775,11,Live Animal,0,The First Harmful Event was Not a Collision with a Motor Vehicle in Transport,0,No,1,Non-Junction,1,Not an Intersection,1,On Roadway,0,None,2,Dark - Not Lighted,10,Cloudy,0,No,0000000,Not Applicable,99,Unknown,98,Unknown if Notified,99,Unknown EMS Scene Arrival Hour,98,Unknown if Arrived,88,Not Applicable (Not Transported),88,Not Applicable (Not Transported),1
48,Texas,480525,0,0,2,2,0,3,3,201,HARRIS (201),0,NOT APPLICABLE,2,February,14,14,2,Monday,2022,2,2:00am-2:59am,10,10,SR-8 LOOP SAM HOUSTON TOLLWAY,NA,3,State Highway,2,Urban,2,Principal Arterial - Other Freeways and Expressways,31,State Toll Road,1,This section IS ON the NHS,0,No Special Jurisdiction,181,181,29.87556111,29.87556111,-95.55133056,-95.55133056,12,Motor Vehicle In-Transport,2,Front-to-Front,0,No,1,Non-Junction,1,Not an Intersection,1,On Roadway,0,None,3,Dark - Lighted,1,Clear,0,No,0000000,Not Applicable,99,Unknown,99,Unknown,99,Unknown EMS Scene Arrival Hour,99,Unknown EMS Scene Arrival Minutes,99,Unknown,99,Unknown EMS Hospital Arrival Time,1
48,Texas,480526,0,0,2,2,0,2,2,185,GRIMES (185),0,NOT APPLICABLE,2,February,16,16,4,Wednesday,2022,21,9:00pm-9:59pm,5,5,SR-105,NA,3,State Highway,1,Rural,3,Principal Arterial - Other,98,Not Reported,1,This section IS ON the NHS,0,No Special Jurisdiction,99,99,30.35872222,30.35872222,-95.92577778,-95.92577778,12,Motor Vehicle In-Transport,2,Front-to-Front,0,No,1,Non-Junction,1,Not an Intersection,4,On Roadside,0,None,2,Dark - Not Lighted,2,Rain,0,No,0000000,Not Applicable,99,Unknown,98,Unknown if Notified,99,Unknown EMS Scene Arrival Hour,98,Unknown if Arrived,88,Not Applicable (Not Transported),88,Not Applicable (Not Transported),1
48,Texas,480527,0,0,5,2,3,2,2,481,WHARTON (481),2045,EAST BERNARD,2,February,3,3,5,Thursday,2022,11,11:00am-11:59am,10,10,US-90 ALT,NA,2,US Highway,1,Rural,4,Minor Arterial,98,Not Reported,0,This section IS NOT on the NHS,0,No Special Jurisdiction,119,119,29.53127778,29.53127778,-96.06972222,-96.06972222,12,Motor Vehicle In-Transport,6,Angle,0,No,1,Non-Junction,1,Not an Intersection,1,On Roadway,0,None,1,Daylight,10,Cloudy,0,No,0000000,Not Applicable,99,Unknown,99,Unknown,99,Unknown EMS Scene Arrival Hour,99,Unknown EMS Scene Arrival Minutes,99,Unknown,99,Unknown EMS Hospital Arrival Time,1
48,Texas,480528,0,0,2,2,0,2,2,141,EL PASO (141),0,NOT APPLICABLE,2,February,27,27,1,Sunday,2022,10,10:00am-10:59am,45,45,I-10,NA,1,Interstate,1,Rural,1,Interstate,1,State Highway Agency,1,This section IS ON the NHS,0,No Special Jurisdiction,488,488,31.53801667,31.53801667,-106.14533889,-106.14533889,12,Motor Vehicle In-Transport,1,Front-to-Rear,0,No,1,Non-Junction,1,Not an Intersection,1,On Roadway,0,None,1,Daylight,1,Clear,0,No,0000000,Not Applicable,99,Unknown,98,Unknown if Notified,99,Unknown EMS Scene Arrival Hour,98,Unknown if Arrived,88,Not Applicable (Not Transported),88,Not Applicable (Not Transported),1
48,Texas,480529,0,0,2,2,0,4,4,53,BURNET (53),0,NOT APPLICABLE,2,February,14,14,2,Monday,2022,19,7:00pm-7:59pm,17,17,US-183,JENNINGS AVE,2,US Highway,1,Rural,3,Principal Arterial - Other,98,Not Reported,1,This section IS ON the NHS,0,No Special Jurisdiction,174,174,30.88676389,30.88676389,-97.926375,-97.926375,12,Motor Vehicle In-Transport,6,Angle,0,No,2,Intersection,3,T-Intersection,1,On Roadway,0,None,2,Dark - Not Lighted,1,Clear,0,No,0000000,Not Applicable,99,Unknown,99,Unknown,99,Unknown EMS Scene Arrival Hour,99,Unknown EMS Scene Arrival Minutes,99,Unknown,99,Unknown EMS Hospital Arrival Time,1
48,Texas,480530,0,0,2,2,0,3,3,147,FANNIN (147),0,NOT APPLICABLE,2,February,23,23,4,Wednesday,2022,10,10:00am-10:59am,58,58,SR-121,NA,3,State Highway,1,Rural,4,Minor Arterial,98,Not Reported,0,This section IS NOT on the NHS,0,No Special Jurisdiction,172,172,33.48503889,33.48503889,-96.25871944,-96.25871944,12,Motor Vehicle In-Transport,2,Front-to-Front,1,Yes,18,Through Roadway,1,Not an Intersection,1,On Roadway,0,None,1,Daylight,3,Sleet or Hail,0,No,0000000,Not Applicable,99,Unknown,99,Unknown,99,Unknown EMS Scene Arrival Hour,99,Unknown EMS Scene Arrival Minutes,99,Unknown,99,Unknown EMS Hospital Arrival Time,1
48,Texas,480531,0,0,1,1,0,2,2,113,DALLAS (113),1730,DALLAS,2,February,27,27,1,Sunday,2022,5,5:00am-5:59am,8,8,I-35E/RL THORNTON FWY,NA,1,Interstate,2,Urban,1,Interstate,1,State Highway Agency,1,This section IS ON the NHS,0,No Special Jurisdiction,146,146,32.75163056,32.75163056,-96.80959722,-96.80959722,25,Concrete Traffic Barrier,0,The First Harmful Event was Not a Collision with a Motor Vehicle in Transport,1,Yes,19,Other location within Interchange Area,1,Not an Intersection,10,Separator,1,Construction,3,Dark - Lighted,1,Clear,0,No,0000000,Not Applicable,99,Unknown,99,Unknown,99,Unknown EMS Scene Arrival Hour,99,Unknown EMS Scene Arrival Minutes,99,Unknown,99,Unknown EMS Hospital Arrival Time,1
48,Texas,480532,1,1,1,1,0,1,1,113,DALLAS (113),1730,DALLAS,2,February,25,25,6,Friday,2022,21,9:00pm-9:59pm,39,39,CLARK RD,NA,6,Local Street - Municipality,2,Urban,3,Principal Arterial - Other,98,Not Reported,0,This section IS NOT on the NHS,1,National Park Service,0,None,32.64937222,32.64937222,-96.94299444,-96.94299444,8,Pedestrian,0,The First Harmful Event was Not a Collision with a Motor Vehicle in Transport,0,No,1,Non-Junction,1,Not an Intersection,1,On Roadway,0,None,3,Dark - Lighted,1,Clear,0,No,0000000,Not Applicable,99,Unknown,99,Unknown,99,Unknown EMS Scene Arrival Hour,99,Unknown EMS Scene Arrival Minutes,88,Not Applicable (Not Transported),88,Not Applicable (Not Transported),1
48,Texas,480533,0,0,1,1,0,1,1,113,DALLAS (113),1730,DALLAS,2,February,24,24,5,Thursday,2022,2,2:00am-2:59am,20,20,US-75/CENTRAL EXPY,NA,7,Local Street - Frontage Road,2,Urban,5,Major Collector,98,Not Reported,0,This section IS NOT on the NHS,0,No Special Jurisdiction,65,65,32.90991111,32.90991111,-96.76810833,-96.76810833,43,Other Fixed Object,0,The First Harmful Event was Not a Collision with a Motor Vehicle in Transport,0,No,1,Non-Junction,1,Not an Intersection,4,On Roadside,0,None,3,Dark - Lighted,3,Sleet or Hail,0,No,0000000,Not Applicable,99,Unknown,98,Unknown if Notified,99,Unknown EMS Scene Arrival Hour,98,Unknown if Arrived,88,Not Applicable (Not Transported),88,Not Applicable (Not Transported),1
48,Texas,480534,0,0,2,2,0,2,2,165,GAINES (165),0,NOT APPLICABLE,2,February,12,12,7,Saturday,2022,11,11:00am-11:59am,40,40,CR-212,CR-211,4,County Road,1,Rural,7,Local,98,Not Reported,0,This section IS NOT on the NHS,0,No Special Jurisdiction,0,None,32.81343611,32.81343611,-102.72490278,-102.72490278,12,Motor Vehicle In-Transport,6,Angle,0,No,2,Intersection,2,Four-Way Intersection,1,On Roadway,0,None,1,Daylight,1,Clear,0,No,0000000,Not Applicable,99,Unknown,99,Unknown,99,Unknown EMS Scene Arrival Hour,99,Unknown EMS Scene Arrival Minutes,99,Unknown,99,Unknown EMS Hospital Arrival Time,1
48,Texas,480535,1,1,1,1,0,2,2,29,BEXAR (29),6090,SAN ANTONIO,2,February,21,21,2,Monday,2022,21,9:00pm-9:59pm,7,7,CULEBRA RD,NA,6,Local Street - Municipality,2,Urban,4,Minor Arterial,98,Not Reported,0,This section IS NOT on the NHS,0,No Special Jurisdiction,0,None,29.45809167,29.45809167,-98.63745556,-98.63745556,8,Pedestrian,0,The First Harmful Event was Not a Collision with a Motor Vehicle in Transport,0,No,1,Non-Junction,1,Not an Intersection,1,On Roadway,0,None,3,Dark - Lighted,1,Clear,0,No,0000000,Not Applicable,21,9:00pm-9:59pm,8,8,21,9:00pm-9:59pm,14,14,21,9:00pm-9:59pm,32,32,1
48,Texas,480536,0,0,1,1,0,1,1,177,GONZALES (177),2720,GONZALES,2,February,20,20,1,Sunday,2022,1,1:00am-1:59am,0,0,SR-97,NA,3,State Highway,2,Urban,5,Major Collector,98,Not Reported,0,This section IS NOT on the NHS,0,No Special Jurisdiction,96,96,29.47219167,29.47219167,-97.44600278,-97.44600278,59,Traffic Sign Support,0,The First Harmful Event was Not a Collision with a Motor Vehicle in Transport,0,No,1,Non-Junction,1,Not an Intersection,4,On Roadside,0,None,3,Dark - Lighted,1,Clear,0,No,0000000,Not Applicable,99,Unknown,98,Unknown if Notified,99,Unknown EMS Scene Arrival Hour,98,Unknown if Arrived,88,Not Applicable (Not Transported),88,Not Applicable (Not Transported),1
48,Texas,480537,1,1,1,1,0,1,1,439,TARRANT (439),2450,FORT WORTH,1,January,28,28,6,Friday,2022,6,6:00am-6:59am,25,25,US-287P BU/RIVERSIDE DR,ROSEDALE ST,2,US Highway,2,Urban,3,Principal Arterial - Other,98,Not Reported,1,This section IS ON the NHS,0,No Special Jurisdiction,34,34,32.73145833,32.73145833,-97.30320833,-97.30320833,8,Pedestrian,0,The First Harmful Event was Not a Collision with a Motor Vehicle in Transport,0,No,3,Intersection-Related,2,Four-Way Intersection,1,On Roadway,0,None,3,Dark - Lighted,1,Clear,0,No,0000000,Not Applicable,99,Unknown,99,Unknown,99,Unknown EMS Scene Arrival Hour,99,Unknown EMS Scene Arrival Minutes,99,Unknown,99,Unknown EMS Hospital Arrival Time,1
48,Texas,480538,0,0,1,1,0,1,1,353,NOLAN (353),0,NOT APPLICABLE,2,February,18,18,6,Friday,2022,14,2:00pm-2:59pm,20,20,US-84,NA,2,US Highway,1,Rural,3,Principal Arterial - Other,98,Not Reported,1,This section IS ON the NHS,0,No Special Jurisdiction,2,2,32.51801389,32.51801389,-100.65829722,-100.65829722,32,Culvert,0,The First Harmful Event was Not a Collision with a Motor Vehicle in Transport,0,No,1,Non-Junction,1,Not an Intersection,3,On Median,0,None,1,Daylight,1,Clear,0,No,0000000,Not Applicable,99,Unknown,98,Unknown if Notified,99,Unknown EMS Scene Arrival Hour,98,Unknown if Arrived,88,Not Applicable (Not Transported),88,Not Applicable (Not Transported),1
48,Texas,480539,0,0,2,2,0,3,3,135,ECTOR (135),0,NOT APPLICABLE,1,January,22,22,7,Saturday,2022,23,11:00pm-11:59pm,50,50,FM 3472/16TH ST,NA,8,Other,2,Urban,5,Major Collector,98,Not Reported,0,This section IS NOT on the NHS,0,No Special Jurisdiction,11,11,31.84359444,31.84359444,-102.42401667,-102.42401667,12,Motor Vehicle In-Transport,2,Front-to-Front,0,No,1,Non-Junction,1,Not an Intersection,1,On Roadway,0,None,2,Dark - Not Lighted,1,Clear,0,No,0000000,Not Applicable,99,Unknown,99,Unknown,99,Unknown EMS Scene Arrival Hour,99,Unknown EMS Scene Arrival Minutes,99,Unknown,99,Unknown EMS Hospital Arrival Time,2
48,Texas,480540,1,1,1,1,0,3,3,427,STARR (427),3788,LA GRULLA,1,January,1,1,7,Saturday,2022,19,7:00pm-7:59pm,3,3,US-83,NA,2,US Highway,2,Urban,3,Principal Arterial - Other,98,Not Reported,1,This section IS ON the NHS,0,No Special Jurisdiction,443,443,26.29570556,26.29570556,-98.60958333,-98.60958333,8,Pedestrian,0,The First Harmful Event was Not a Collision with a Motor Vehicle in Transport,0,No,1,Non-Junction,1,Not an Intersection,1,On Roadway,0,None,3,Dark - Lighted,1,Clear,0,No,0000000,Not Applicable,99,Unknown,98,Unknown if Notified,99,Unknown EMS Scene Arrival Hour,98,Unknown if Arrived,88,Not Applicable (Not Transported),88,Not Applicable (Not Transported),1
48,Texas,480541,0,0,3,1,2,1,1,503,YOUNG (503),5070,OLNEY,2,February,19,19,7,Saturday,2022,13,1:00pm-1:59pm,37,37,SR-114,NA,3,State Highway,1,Rural,3,Principal Arterial - Other,98,Not Reported,1,This section IS ON the NHS,0,No Special Jurisdiction,51,51,33.37063611,33.37063611,-98.76425,-98.76425,14,Parked Motor Vehicle,0,The First Harmful Event was Not a Collision with a Motor Vehicle in Transport,0,No,1,Non-Junction,1,Not an Intersection,2,On Shoulder,0,None,1,Daylight,1,Clear,0,No,0000000,Not Applicable,99,Unknown,99,Unknown,99,Unknown EMS Scene Arrival Hour,99,Unknown EMS Scene Arrival Minutes,99,Unknown,99,Unknown EMS Hospital Arrival Time,1
48,Texas,480542,1,1,1,1,0,1,1,325,MEDINA (325),9997,Other,2,February,16,16,4,Wednesday,2022,5,5:00am-5:59am,27,27,CR-6841/TWIN LAKES DR,NA,4,County Road,2,Urban,7,Local,98,Not Reported,0,This section IS NOT on the NHS,0,No Special Jurisdiction,0,None,29.22365833,29.22365833,-98.81150556,-98.81150556,8,Pedestrian,0,The First Harmful Event was Not a Collision with a Motor Vehicle in Transport,0,No,1,Non-Junction,1,Not an Intersection,1,On Roadway,0,None,2,Dark - Not Lighted,1,Clear,0,No,0000000,Not Applicable,99,Unknown,99,Unknown,99,Unknown EMS Scene Arrival Hour,99,Unknown EMS Scene Arrival Minutes,99,Unknown,99,Unknown EMS Hospital Arrival Time,1
48,Texas,480543,1,1,1,1,0,2,2,29,BEXAR (29),6090,SAN ANTONIO,1,January,14,14,6,Friday,2022,11,11:00am-11:59am,20,20,FM 2696/BLANCO RD,NA,8,Other,2,Urban,4,Minor Arterial,98,Not Reported,0,This section IS NOT on the NHS,0,No Special Jurisdiction,184,184,29.522375,29.522375,-98.50550556,-98.50550556,8,Pedestrian,0,The First Harmful Event was Not a Collision with a Motor Vehicle in Transport,0,No,8,Driveway Access Related,1,Not an Intersection,1,On Roadway,0,None,1,Daylight,1,Clear,0,No,0000000,Not Applicable,11,11:00am-11:59am,21,21,11,11:00am-11:59am,28,28,11,11:00am-11:59am,57,57,1
48,Texas,480544,0,0,3,3,0,3,3,201,HARRIS (201),3280,HOUSTON,2,February,15,15,3,Tuesday,2022,15,3:00pm-3:59pm,55,55,VETERANS MEMORIAL DR,NA,6,Local Street - Municipality,2,Urban,3,Principal Arterial - Other,98,Not Reported,0,This section IS NOT on the NHS,0,No Special Jurisdiction,0,None,29.88818889,29.88818889,-95.42151667,-95.42151667,12,Motor Vehicle In-Transport,1,Front-to-Rear,0,No,1,Non-Junction,1,Not an Intersection,1,On Roadway,0,None,1,Daylight,1,Clear,0,No,0000000,Not Applicable,99,Unknown,98,Unknown if Notified,99,Unknown EMS Scene Arrival Hour,98,Unknown if Arrived,88,Not Applicable (Not Transported),88,Not Applicable (Not Transported),1
48,Texas,480545,0,0,1,1,0,2,2,371,PECOS (371),0,NOT APPLICABLE,2,February,19,19,7,Saturday,2022,13,1:00pm-1:59pm,29,29,I-10,NA,1,Interstate,1,Rural,1,Interstate,1,State Highway Agency,1,This section IS ON the NHS,0,No Special Jurisdiction,698,698,30.89534167,30.89534167,-102.35293611,-102.35293611,1,Rollover/Overturn,0,The First Harmful Event was Not a Collision with a Motor Vehicle in Transport,0,No,1,Non-Junction,1,Not an Intersection,10,Separator,0,None,1,Daylight,1,Clear,0,No,0000000,Not Applicable,99,Unknown,99,Unknown,99,Unknown EMS Scene Arrival Hour,99,Unknown EMS Scene Arrival Minutes,99,Unknown,99,Unknown EMS Hospital Arrival Time,1
48,Texas,480546,0,0,2,2,0,4,4,201,HARRIS (201),3280,HOUSTON,2,February,9,9,4,Wednesday,2022,20,8:00pm-8:59pm,44,44,SR-6,NA,3,State Highway,2,Urban,3,Principal Arterial - Other,98,Not Reported,1,This section IS ON the NHS,0,No Special Jurisdiction,136,136,29.74122222,29.74122222,-95.64416944,-95.64416944,12,Motor Vehicle In-Transport,6,Angle,0,No,8,Driveway Access Related,1,Not an Intersection,1,On Roadway,0,None,3,Dark - Lighted,10,Cloudy,0,No,0000000,Not Applicable,99,Unknown,99,Unknown,99,Unknown EMS Scene Arrival Hour,99,Unknown EMS Scene Arrival Minutes,99,Unknown,99,Unknown EMS Hospital Arrival Time,1
48,Texas,480547,1,1,1,1,0,1,1,201,HARRIS (201),3280,HOUSTON,2,February,15,15,3,Tuesday,2022,20,8:00pm-8:59pm,3,3,SR-6,NA,3,State Highway,2,Urban,3,Principal Arterial - Other,98,Not Reported,1,This section IS ON the NHS,0,No Special Jurisdiction,136,136,29.74138611,29.74138611,-95.64434167,-95.64434167,8,Pedestrian,0,The First Harmful Event was Not a Collision with a Motor Vehicle in Transport,0,No,1,Non-Junction,1,Not an Intersection,1,On Roadway,0,None,2,Dark - Not Lighted,1,Clear,0,No,0000000,Not Applicable,99,Unknown,99,Unknown,99,Unknown EMS Scene Arrival Hour,99,Unknown EMS Scene Arrival Minutes,99,Unknown,99,Unknown EMS Hospital Arrival Time,1
48,Texas,480548,1,1,1,1,0,1,1,201,HARRIS (201),3280,HOUSTON,2,February,15,15,3,Tuesday,2022,23,11:00pm-11:59pm,25,25,HARWIN DR,BOONE RD,6,Local Street - Municipality,2,Urban,3,Principal Arterial - Other,98,Not Reported,0,This section IS NOT on the NHS,0,No Special Jurisdiction,0,None,29.71515278,29.71515278,-95.57555278,-95.57555278,8,Pedestrian,0,The First Harmful Event was Not a Collision with a Motor Vehicle in Transport,0,No,2,Intersection,2,Four-Way Intersection,1,On Roadway,0,None,3,Dark - Lighted,10,Cloudy,0,No,0000000,Not Applicable,99,Unknown,98,Unknown if Notified,99,Unknown EMS Scene Arrival Hour,98,Unknown if Arrived,88,Not Applicable (Not Transported),88,Not Applicable (Not Transported),1
48,Texas,480549,0,0,1,1,0,2,2,245,JEFFERSON (245),0,NOT APPLICABLE,2,February,26,26,7,Saturday,2022,19,7:00pm-7:59pm,0,0,SR-326,NA,3,State Highway,1,Rural,4,Minor Arterial,98,Not Reported,0,This section IS NOT on the NHS,0,No Special Jurisdiction,38,38,30.04878056,30.04878056,-94.40792778,-94.40792778,32,Culvert,0,The First Harmful Event was Not a Collision with a Motor Vehicle in Transport,0,No,1,Non-Junction,1,Not an Intersection,4,On Roadside,0,None,2,Dark - Not Lighted,10,Cloudy,0,No,0000000,Not Applicable,99,Unknown,99,Unknown,99,Unknown EMS Scene Arrival Hour,99,Unknown EMS Scene Arrival Minutes,99,Unknown,99,Unknown EMS Hospital Arrival Time,1
48,Texas,480550,0,0,2,2,0,2,2,301,LOVING (301),0,NOT APPLICABLE,2,February,27,27,1,Sunday,2022,22,10:00pm-10:59pm,50,50,RM 652,NA,8,Other,1,Rural,5,Major Collector,98,Not Reported,0,This section IS NOT on the NHS,0,No Special Jurisdiction,99,99,31.98231111,31.98231111,-103.73248889,-103.73248889,12,Motor Vehicle In-Transport,8,Sideswipe - Opposite Direction,0,No,1,Non-Junction,1,Not an Intersection,1,On Roadway,0,None,8,Not Reported,1,Clear,0,No,0000000,Not Applicable,99,Unknown,99,Unknown,99,Unknown EMS Scene Arrival Hour,99,Unknown EMS Scene Arrival Minutes,99,Unknown,99,Unknown EMS Hospital Arrival Time,1
48,Texas,480551,0,0,1,1,0,1,1,389,REEVES (389),0,NOT APPLICABLE,2,February,18,18,6,Friday,2022,22,10:00pm-10:59pm,0,0,I-10,NA,1,Interstate,1,Rural,1,Interstate,1,State Highway Agency,1,This section IS ON the NHS,0,No Special Jurisdiction,20,20,31.09045,31.09045,-104.05429167,-104.05429167,52,Guardrail End,0,The First Harmful Event was Not a Collision with a Motor Vehicle in Transport,1,Yes,19,Other location within Interchange Area,1,Not an Intersection,4,On Roadside,0,None,2,Dark - Not Lighted,1,Clear,0,No,0000000,Not Applicable,99,Unknown,98,Unknown if Notified,99,Unknown EMS Scene Arrival Hour,98,Unknown if Arrived,88,Not Applicable (Not Transported),88,Not Applicable (Not Transported),1
48,Texas,480552,2,2,3,3,0,2,2,257,KAUFMAN (257),9997,Other,2,February,28,28,2,Monday,2022,23,11:00pm-11:59pm,7,7,I-20,NA,1,Interstate,2,Urban,1,Interstate,1,State Highway Agency,1,This section IS ON the NHS,0,No Special Jurisdiction,36,36,32.69895556,32.69895556,-96.45978611,-96.45978611,12,Motor Vehicle In-Transport,7,Sideswipe - Same Direction,0,No,1,Non-Junction,1,Not an Intersection,1,On Roadway,0,None,2,Dark - Not Lighted,1,Clear,0,No,0000000,Not Applicable,99,Unknown,98,Unknown if Notified,99,Unknown EMS Scene Arrival Hour,98,Unknown if Arrived,88,Not Applicable (Not Transported),88,Not Applicable (Not Transported),2
48,Texas,480554,0,0,1,1,0,1,1,487,WILBARGER (487),0,NOT APPLICABLE,2,February,26,26,7,Saturday,2022,7,7:00am-7:59am,10,10,US-70,NA,2,US Highway,1,Rural,3,Principal Arterial - Other,98,Not Reported,1,This section IS ON the NHS,0,No Special Jurisdiction,217,217,34.13040556,34.13040556,-99.16050833,-99.16050833,57,Cable Barrier,0,The First Harmful Event was Not a Collision with a Motor Vehicle in Transport,0,No,1,Non-Junction,1,Not an Intersection,3,On Median,0,None,1,Daylight,10,Cloudy,0,No,0000000,Not Applicable,99,Unknown,98,Unknown if Notified,99,Unknown EMS Scene Arrival Hour,98,Unknown if Arrived,88,Not Applicable (Not Transported),88,Not Applicable (Not Transported),1
48,Texas,480555,0,0,1,1,0,1,1,439,TARRANT (439),2450,FORT WORTH,2,February,22,22,3,Tuesday,2022,9,9:00am-9:59am,1,1,I-20 RAMP,NA,1,Interstate,2,Urban,1,Interstate,1,State Highway Agency,1,This section IS ON the NHS,0,No Special Jurisdiction,94,94,32.66670556,32.66670556,-97.32000556,-97.32000556,25,Concrete Traffic Barrier,0,The First Harmful Event was Not a Collision with a Motor Vehicle in Transport,1,Yes,19,Other location within Interchange Area,1,Not an Intersection,4,On Roadside,0,None,1,Daylight,1,Clear,0,No,0000000,Not Applicable,99,Unknown,98,Unknown if Notified,99,Unknown EMS Scene Arrival Hour,98,Unknown if Arrived,88,Not Applicable (Not Transported),88,Not Applicable (Not Transported),1
48,Texas,480556,0,0,2,2,0,3,3,201,HARRIS (201),0,NOT APPLICABLE,2,February,18,18,6,Friday,2022,10,10:00am-10:59am,44,44,TL 8/SAM HOUSTON PKWY,NA,6,Local Street - Municipality,2,Urban,3,Principal Arterial - Other,31,State Toll Road,0,This section IS NOT on the NHS,0,No Special Jurisdiction,0,None,29.78041667,29.78041667,-95.56315556,-95.56315556,12,Motor Vehicle In-Transport,1,Front-to-Rear,0,No,1,Non-Junction,1,Not an Intersection,1,On Roadway,0,None,1,Daylight,1,Clear,0,No,0000000,Not Applicable,99,Unknown,99,Unknown,99,Unknown EMS Scene Arrival Hour,99,Unknown EMS Scene Arrival Minutes,99,Unknown,99,Unknown EMS Hospital Arrival Time,1
48,Texas,480557,0,0,3,3,0,4,4,453,TRAVIS (453),0,NOT APPLICABLE,2,February,27,27,1,Sunday,2022,0,0:00am-0:59am,14,14,FM 1325,SHORELINE DR,8,Other,2,Urban,4,Minor Arterial,98,Not Reported,0,This section IS NOT on the NHS,0,No Special Jurisdiction,1,1,30.46059444,30.46059444,-97.69467222,-97.69467222,12,Motor Vehicle In-Transport,6,Angle,0,No,2,Intersection,2,Four-Way Intersection,1,On Roadway,0,None,2,Dark - Not Lighted,2,Rain,0,No,0000000,Not Applicable,99,Unknown,99,Unknown,99,Unknown EMS Scene Arrival Hour,99,Unknown EMS Scene Arrival Minutes,99,Unknown,99,Unknown EMS Hospital Arrival Time,1
48,Texas,480558,0,0,3,3,0,4,4,453,TRAVIS (453),0,NOT APPLICABLE,2,February,13,13,1,Sunday,2022,22,10:00pm-10:59pm,39,39,FM 734/PALMER LN,NA,8,Other,2,Urban,3,Principal Arterial - Other,98,Not Reported,1,This section IS ON the NHS,0,No Special Jurisdiction,23,23,30.38993889,30.38993889,-97.65210556,-97.65210556,12,Motor Vehicle In-Transport,7,Sideswipe - Same Direction,0,No,1,Non-Junction,1,Not an Intersection,1,On Roadway,0,None,6,Dark - Unknown Lighting,1,Clear,0,No,0000000,Not Applicable,99,Unknown,99,Unknown,99,Unknown EMS Scene Arrival Hour,99,Unknown EMS Scene Arrival Minutes,99,Unknown,99,Unknown EMS Hospital Arrival Time,1