STATE,STATENAME,ST_CASE,PEDS,PERNOTMVIT,VE_TOTAL,VE_FORMS,PVH_INVL,PERSONS,PERMVIT,COUNTY,COUNTYNAME,CITY,CITYNAME,MONTH,MONTHNAME,DAY,DAYNAME,DAY_WEEK,DAY_WEEKNAME,YEAR,HOUR,HOURNAME,MINUTE,MINUTENAME,TWAY_ID,TWAY_ID2,ROUTE,ROUTENAME,RUR_URB,RUR_URBNAME,FUNC_SYS,FUNC_SYSNAME,RD_OWNER,RD_OWNERNAME,NHS,NHSNAME,SP_JUR,SP_JURNAME,MILEPT,MILEPTNAME,LATITUDE,LATITUDENAME,LONGITUD,LONGITUDNAME,HARM_EV,HARM_EVNAME,MAN_COLL,MAN_COLLNAME,RELJCT1,RELJCT1NAME,RELJCT2,RELJCT2NAME,TYP_INT,TYP_INTNAME,REL_ROAD,REL_ROADNAME,WRK_ZONE,WRK_ZONENAME,LGT_COND,LGT_CONDNAME,WEATHER,WEATHERNAME,SCH_BUS,SCH_BUSNAME,RAIL,RAILNAME,NOT_HOUR,NOT_HOURNAME,NOT_MIN,NOT_MINNAME,ARR_HOUR,ARR_HOURNAME,ARR_MIN,ARR_MINNAME,HOSP_HR,HOSP_HRNAME,HOSP_MN,HOSP_MNNAME,FATALS
48,Texas,481354,0,0,2,2,0,3,3,97,COOKE (97),7112,VALLEY VIEW,5,May,10,10,3,Tuesday,2022,1,1:00am-1:59am,3,3,I-35/PURPLE HEART TRL,NA,1,Interstate,1,Rural,1,Interstate,1,State Highway Agency,1,This section IS ON the NHS,0,No Special Jurisdiction,58,58,33.50529444,33.50529444,-97.16450278,-97.16450278,12,Motor Vehicle In-Transport,6,Angle,0,No,1,Non-Junction,1,Not an Intersection,1,On Roadway,0,None,2,Dark - Not Lighted,1,Clear,0,No,0000000,Not Applicable,1,1:00am-1:59am,10,10,1,1:00am-1:59am,23,23,2,2:00am-2:59am,6,6,1
48,Texas,481355,0,0,1,1,0,1,1,251,JOHNSON (251),120,ALVARADO,5,May,12,12,5,Thursday,2022,23,11:00pm-11:59pm,42,42,I-35/PURPLE HEART TRL,NA,1,Interstate,2,Urban,1,Interstate,1,State Highway Agency,1,This section IS ON the NHS,0,No Special Jurisdiction,120,120,32.41759167,32.41759167,-97.22786389,-97.22786389,18,Other Object (not fixed),0,The First Harmful Event was Not a Collision with a Motor Vehicle in Transport,0,No,1,Non-Junction,1,Not an Intersection,1,On Roadway,0,None,2,Dark - Not Lighted,1,Clear,0,No,0000000,Not Applicable,99,Unknown,98,Unknown if Notified,99,Unknown EMS Scene Arrival Hour,98,Unknown if Arrived,88,Not Applicable (Not Transported),88,Not Applicable (Not Transported),1
48,Texas,481356,0,0,1,1,0,3,3,1,ANDERSON (1),0,NOT APPLICABLE,5,May,15,15,1,Sunday,2022,18,6:00pm-6:59pm,51,51,FM 315/CR-TEXAS FOREST TRL,NA,8,Other,1,Rural,5,Major Collector,98,Not Reported,0,This section IS NOT on the NHS,0,No Special Jurisdiction,70,70,31.96955278,31.96955278,-95.61292778,-95.61292778,53,Mail Box,0,The First Harmful Event was Not a Collision with a Motor Vehicle in Transport,0,No,1,Non-Junction,1,Not an Intersection,4,On Roadside,0,None,1,Daylight,1,Clear,0,No,0000000,Not Applicable,99,Unknown,99,Unknown,99,Unknown EMS Scene Arrival Hour,99,Unknown EMS Scene Arrival Minutes,99,Unknown,99,Unknown EMS Hospital Arrival Time,1
48,Texas,481357,0,0,2,2,0,8,8,471,WALKER (471),0,NOT APPLICABLE,5,May,8,8,1,Sunday,2022,15,3:00pm-3:59pm,48,48,SR-75,NA,3,State Highway,1,Rural,4,Minor Arterial,98,Not Reported,0,This section IS NOT on the NHS,1,National Park Service,105,105,30.59379167,30.59379167,-95.477625,-95.477625,12,Motor Vehicle In-Transport,2,Front-to-Front,0,No,1,Non-Junction,1,Not an Intersection,1,On Roadway,0,None,1,Daylight,1,Clear,0,No,0000000,Not Applicable,99,Unknown,99,Unknown,99,Unknown EMS Scene Arrival Hour,99,Unknown EMS Scene Arrival Minutes,99,Unknown,99,Unknown EMS Hospital Arrival Time,2
48,Texas,481358,0,0,2,2,0,7,7,187,GUADALUPE (187),0,NOT APPLICABLE,5,May,7,7,7,Saturday,2022,8,8:00am-8:59am,27,27,SR-123,NA,3,State Highway,1,Rural,3,Principal Arterial - Other,98,Not Reported,1,This section IS ON the NHS,0,No Special Jurisdiction,112,112,29.42571111,29.42571111,-97.95118333,-97.95118333,12,Motor Vehicle In-Transport,2,Front-to-Front,0,No,1,Non-Junction,1,Not an Intersection,1,On Roadway,0,None,1,Daylight,1,Clear,0,No,0000000,Not Applicable,99,Unknown,99,Unknown,99,Unknown EMS Scene Arrival Hour,99,Unknown EMS Scene Arrival Minutes,99,Unknown,99,Unknown EMS Hospital Arrival Time,2
48,Texas,481359,0,0,2,2,0,3,3,479,WEBB (479),3899,LAREDO,5,May,8,8,1,Sunday,2022,2,2:00am-2:59am,9,9,US-59/BOB BULLOCK LOOP,NA,2,US Highway,2,Urban,3,Principal Arterial - Other,98,Not Reported,1,This section IS ON the NHS,0,No Special Jurisdiction,99998,Not Reported,27.60639167,27.60639167,-99.48978611,-99.48978611,12,Motor Vehicle In-Transport,2,Front-to-Front,1,Yes,20,Entrance/Exit Ramp,1,Not an Intersection,1,On Roadway,0,None,3,Dark - Lighted,1,Clear,0,No,0000000,Not Applicable,99,Unknown,99,Unknown,99,Unknown EMS Scene Arrival Hour,99,Unknown EMS Scene Arrival Minutes,99,Unknown,99,Unknown EMS Hospital Arrival Time,1
48,Texas,481360,0,0,2,2,0,3,3,29,BEXAR (29),6090,SAN ANTONIO,5,May,7,7,7,Saturday,2022,17,5:00pm-5:59pm,38,38,CULEBRA RD,Alamo Downs PKWY,6,Local Street - Municipality,2,Urban,4,Minor Arterial,98,Not Reported,0,This section IS NOT on the NHS,0,No Special Jurisdiction,0,None,29.45135,29.45135,-98.61772222,-98.61772222,12,Motor Vehicle In-Transport,6,Angle,0,No,2,Intersection,3,T-Intersection,1,On Roadway,0,None,1,Daylight,10,Cloudy,0,No,0000000,Not Applicable,99,Unknown,99,Unknown,99,Unknown EMS Scene Arrival Hour,99,Unknown EMS Scene Arrival Minutes,99,Unknown,99,Unknown EMS Hospital Arrival Time,1
48,Texas,481361,0,0,2,2,0,2,2,441,TAYLOR (441),30,ABILENE,5,May,5,5,5,Thursday,2022,10,10:00am-10:59am,37,37,WILLIS ST,N 3RD ST,6,Local Street - Municipality,2,Urban,4,Minor Arterial,98,Not Reported,0,This section IS NOT on the NHS,0,No Special Jurisdiction,0,None,32.45296667,32.45296667,-99.76388611,-99.76388611,12,Motor Vehicle In-Transport,6,Angle,0,No,3,Intersection-Related,2,Four-Way Intersection,1,On Roadway,0,None,1,Daylight,1,Clear,0,No,0000000,Not Applicable,99,Unknown,99,Unknown,99,Unknown EMS Scene Arrival Hour,99,Unknown EMS Scene Arrival Minutes,99,Unknown,99,Unknown EMS Hospital Arrival Time,1
48,Texas,481362,0,0,2,2,0,3,3,245,JEFFERSON (245),5430,PORT ARTHUR,5,May,14,14,7,Saturday,2022,20,8:00pm-8:59pm,47,47,SR-82/MARTIN LUTHER KING JR BL,JAMES GAMBLE,3,State Highway,2,Urban,4,Minor Arterial,98,Not Reported,0,This section IS NOT on the NHS,0,No Special Jurisdiction,16,16,29.86131944,29.86131944,-93.95593889,-93.95593889,12,Motor Vehicle In-Transport,6,Angle,1,Yes,2,Intersection,3,T-Intersection,1,On Roadway,0,None,3,Dark - Lighted,1,Clear,0,No,0000000,Not Applicable,99,Unknown,99,Unknown,99,Unknown EMS Scene Arrival Hour,99,Unknown EMS Scene Arrival Minutes,99,Unknown,99,Unknown EMS Hospital Arrival Time,1
48,Texas,481363,0,0,2,2,0,2,2,201,HARRIS (201),3280,HOUSTON,5,May,11,11,4,Wednesday,2022,10,10:00am-10:59am,50,50,I-10,NA,1,Interstate,2,Urban,1,Interstate,1,State Highway Agency,1,This section IS ON the NHS,0,No Special Jurisdiction,72,72,29.773875,29.773875,-95.25075556,-95.25075556,12,Motor Vehicle In-Transport,7,Sideswipe - Same Direction,0,No,1,Non-Junction,1,Not an Intersection,1,On Roadway,0,None,1,Daylight,1,Clear,0,No,0000000,Not Applicable,99,Unknown,98,Unknown if Notified,99,Unknown EMS Scene Arrival Hour,98,Unknown if Arrived,88,Not Applicable (Not Transported),88,Not Applicable (Not Transported),1
48,Texas,481364,0,0,2,2,0,2,2,215,HIDALGO (215),5330,PHARR,5,May,19,19,5,Thursday,2022,23,11:00pm-11:59pm,40,40,FM 1362,FERN AVE,8,Other,2,Urban,3,Principal Arterial - Other,98,Not Reported,0,This section IS NOT on the NHS,0,No Special Jurisdiction,53,53,26.22887222,26.22887222,-98.19899722,-98.19899722,12,Motor Vehicle In-Transport,6,Angle,0,No,2,Intersection,3,T-Intersection,1,On Roadway,0,None,3,Dark - Lighted,1,Clear,0,No,0000000,Not Applicable,99,Unknown,98,Unknown if Notified,99,Unknown EMS Scene Arrival Hour,98,Unknown if Arrived,88,Not Applicable (Not Transported),88,Not Applicable (Not Transported),1
48,Texas,481365,0,0,1,1,0,1,1,423,SMITH (423),3990,LINDALE,5,May,20,20,6,Friday,2022,0,0:00am-0:59am,21,21,US-69/MAIN ST,NA,2,US Highway,2,Urban,3,Principal Arterial - Other,98,Not Reported,1,This section IS ON the NHS,0,No Special Jurisdiction,25,25,32.49674167,32.49674167,-95.40367222,-95.40367222,1,Rollover/Overturn,0,The First Harmful Event was Not a Collision with a Motor Vehicle in Transport,0,No,1,Non-Junction,1,Not an Intersection,4,On Roadside,0,None,3,Dark - Lighted,1,Clear,0,No,0000000,Not Applicable,99,Unknown,98,Unknown if Notified,99,Unknown EMS Scene Arrival Hour,98,Unknown if Arrived,88,Not Applicable (Not Transported),88,Not Applicable (Not Transported),1
48,Texas,481366,0,0,1,1,0,1,1,13,ATASCOSA (13),0,NOT APPLICABLE,5,May,14,14,7,Saturday,2022,6,6:00am-6:59am,21,21,I-37,NA,1,Interstate,1,Rural,1,Interstate,1,State Highway Agency,1,This section IS ON the NHS,0,No Special Jurisdiction,174,174,28.81268889,28.81268889,-98.353775,-98.353775,57,Cable Barrier,0,The First Harmful Event was Not a Collision with a Motor Vehicle in Transport,0,No,1,Non-Junction,1,Not an Intersection,3,On Median,0,None,2,Dark - Not Lighted,1,Clear,0,No,0000000,Not Applicable,99,Unknown,98,Unknown if Notified,99,Unknown EMS Scene Arrival Hour,98,Unknown if Arrived,88,Not Applicable (Not Transported),88,Not Applicable (Not Transported),1
48,Texas,481367,0,0,2,2,0,4,4,481,WHARTON (481),0,NOT APPLICABLE,4,April,30,30,7,Saturday,2022,21,9:00pm-9:59pm,0,0,FM 960,NA,8,Other,1,Rural,5,Major Collector,98,Not Reported,0,This section IS NOT on the NHS,0,No Special Jurisdiction,90,90,29.25251944,29.25251944,-96.24911667,-96.24911667,12,Motor Vehicle In-Transport,2,Front-to-Front,0,No,1,Non-Junction,1,Not an Intersection,1,On Roadway,0,None,2,Dark - Not Lighted,1,Clear,0,No,0000000,Not Applicable,99,Unknown,99,Unknown,99,Unknown EMS Scene Arrival Hour,99,Unknown EMS Scene Arrival Minutes,99,Unknown,99,Unknown EMS Hospital Arrival Time,1
48,Texas,481368,0,0,2,2,0,5,5,453,TRAVIS (453),0,NOT APPLICABLE,4,April,21,21,5,Thursday,2022,6,6:00am-6:59am,45,45,FM 812,FM 973,8,Other,2,Urban,4,Minor Arterial,98,Not Reported,0,This section IS NOT on the NHS,0,No Special Jurisdiction,0,None,30.14513889,30.14513889,-97.673275,-97.673275,12,Motor Vehicle In-Transport,6,Angle,0,No,3,Intersection-Related,4,Y-Intersection,11,Continuous Left - Turn Lane,0,None,1,Daylight,10,Cloudy,0,No,0000000,Not Applicable,99,Unknown,99,Unknown,99,Unknown EMS Scene Arrival Hour,99,Unknown EMS Scene Arrival Minutes,99,Unknown,99,Unknown EMS Hospital Arrival Time,1
48,Texas,481369,0,0,2,2,0,2,2,325,MEDINA (325),0,NOT APPLICABLE,5,May,9,9,2,Monday,2022,21,9:00pm-9:59pm,8,8,FM 1283,FM 471,8,Other,1,Rural,5,Major Collector,98,Not Reported,0,This section IS NOT on the NHS,0,No Special Jurisdiction,164,164,29.51893611,29.51893611,-98.81709722,-98.81709722,12,Motor Vehicle In-Transport,2,Front-to-Front,0,No,3,Intersection-Related,4,Y-Intersection,1,On Roadway,0,None,3,Dark - Lighted,1,Clear,0,No,0000000,Not Applicable,99,Unknown,99,Unknown,99,Unknown EMS Scene Arrival Hour,99,Unknown EMS Scene Arrival Minutes,99,Unknown,99,Unknown EMS Hospital Arrival Time,1
48,Texas,481370,0,0,2,2,0,3,3,423,SMITH (423),0,NOT APPLICABLE,5,May,12,12,5,Thursday,2022,14,2:00pm-2:59pm,20,20,SR-64/ERWIN ST,NA,3,State Highway,2,Urban,3,Principal Arterial - Other,98,Not Reported,1,This section IS ON the NHS,0,No Special Jurisdiction,58,58,32.35916111,32.35916111,-95.37739167,-95.37739167,12,Motor Vehicle In-Transport,2,Front-to-Front,0,No,1,Non-Junction,1,Not an Intersection,1,On Roadway,0,None,1,Daylight,1,Clear,0,No,0000000,Not Applicable,99,Unknown,99,Unknown,99,Unknown EMS Scene Arrival Hour,99,Unknown EMS Scene Arrival Minutes,99,Unknown,99,Unknown EMS Hospital Arrival Time,1
48,Texas,481371,0,0,2,2,0,2,2,439,TARRANT (439),2450,FORT WORTH,5,May,15,15,1,Sunday,2022,7,7:00am-7:59am,9,9,US-287,NA,2,US Highway,2,Urban,2,Principal Arterial - Other Freeways and Expressways,98,Not Reported,1,This section IS ON the NHS,0,No Special Jurisdiction,217,217,32.74457778,32.74457778,-97.30560278,-97.30560278,12,Motor Vehicle In-Transport,8,Sideswipe - Opposite Direction,0,No,1,Non-Junction,1,Not an Intersection,1,On Roadway,0,None,1,Daylight,1,Clear,0,No,0000000,Not Applicable,99,Unknown,99,Unknown,99,Unknown EMS Scene Arrival Hour,99,Unknown EMS Scene Arrival Minutes,88,Not Applicable (Not Transported),88,Not Applicable (Not Transported),1
48,Texas,481372,0,0,2,2,0,2,2,329,MIDLAND (329),0,NOT APPLICABLE,5,May,7,7,7,Saturday,2022,19,7:00pm-7:59pm,26,26,BI 20E SVRD,AIRLINE RD,7,Local Street - Frontage Road,2,Urban,3,Principal Arterial - Other,98,Not Reported,1,This section IS ON the NHS,0,No Special Jurisdiction,99998,Not Reported,31.94990833,31.94990833,-102.16446667,-102.16446667,12,Motor Vehicle In-Transport,2,Front-to-Front,0,No,3,Intersection-Related,4,Y-Intersection,1,On Roadway,0,None,1,Daylight,1,Clear,0,No,0000000,Not Applicable,19,7:00pm-7:59pm,28,28,19,7:00pm-7:59pm,33,33,19,7:00pm-7:59pm,51,51,1
48,Texas,481373,0,0,2,2,0,2,2,61,CAMERON (61),0,NOT APPLICABLE,4,April,29,29,6,Friday,2022,15,3:00pm-3:59pm,20,20,SR-48/BROWNSVILLE PORT ISABELL,NA,3,State Highway,2,Urban,3,Principal Arterial - Other,98,Not Reported,1,This section IS ON the NHS,0,No Special Jurisdiction,28,28,25.96642222,25.96642222,-97.39157778,-97.39157778,12,Motor Vehicle In-Transport,6,Angle,0,No,1,Non-Junction,1,Not an Intersection,1,On Roadway,0,None,1,Daylight,1,Clear,0,No,0000000,Not Applicable,99,Unknown,99,Unknown,99,Unknown EMS Scene Arrival Hour,99,Unknown EMS Scene Arrival Minutes,99,Unknown,99,Unknown EMS Hospital Arrival Time,1
48,Texas,481374,0,0,1,1,0,4,4,139,ELLIS (139),0,NOT APPLICABLE,5,May,17,17,3,Tuesday,2022,16,4:00pm-4:59pm,50,50,CR-WOLF SPRINGS RD,NA,4,County Road,1,Rural,7,Local,98,Not Reported,0,This section IS NOT on the NHS,0,No Special Jurisdiction,0,None,32.54226111,32.54226111,-96.64186111,-96.64186111,38,Fence,0,The First Harmful Event was Not a Collision with a Motor Vehicle in Transport,0,No,1,Non-Junction,1,Not an Intersection,5,Outside Trafficway,0,None,1,Daylight,10,Cloudy,0,No,0000000,Not Applicable,99,Unknown,99,Unknown,99,Unknown EMS Scene Arrival Hour,99,Unknown EMS Scene Arrival Minutes,99,Unknown,99,Unknown EMS Hospital Arrival Time,1
48,Texas,481375,0,0,1,1,0,1,1,135,ECTOR (135),5030,ODESSA,5,May,21,21,7,Saturday,2022,2,2:00am-2:59am,26,26,GOLDER AVE,NA,6,Local Street - Municipality,2,Urban,5,Major Collector,98,Not Reported,0,This section IS NOT on the NHS,0,No Special Jurisdiction,0,None,31.88483056,31.88483056,-102.39444167,-102.39444167,52,Guardrail End,0,The First Harmful Event was Not a Collision with a Motor Vehicle in Transport,0,No,1,Non-Junction,1,Not an Intersection,4,On Roadside,0,None,2,Dark - Not Lighted,1,Clear,0,No,0000000,Not Applicable,99,Unknown,98,Unknown if Notified,99,Unknown EMS Scene Arrival Hour,98,Unknown if Arrived,88,Not Applicable (Not Transported),88,Not Applicable (Not Transported),1
48,Texas,481376,0,0,3,3,0,4,4,201,HARRIS (201),0,NOT APPLICABLE,5,May,7,7,7,Saturday,2022,18,6:00pm-6:59pm,8,8,US-90,NA,2,US Highway,2,Urban,2,Principal Arterial - Other Freeways and Expressways,98,Not Reported,1,This section IS ON the NHS,0,No Special Jurisdiction,98,98,29.87383611,29.87383611,-95.07578333,-95.07578333,12,Motor Vehicle In-Transport,1,Front-to-Rear,1,Yes,18,Through Roadway,1,Not an Intersection,1,On Roadway,0,None,1,Daylight,1,Clear,0,No,0000000,Not Applicable,99,Unknown,98,Unknown if Notified,99,Unknown EMS Scene Arrival Hour,98,Unknown if Arrived,88,Not Applicable (Not Transported),88,Not Applicable (Not Transported),1
48,Texas,481377,0,0,2,2,0,2,2,149,FAYETTE (149),0,NOT APPLICABLE,5,May,14,14,7,Saturday,2022,19,7:00pm-7:59pm,21,21,FM 1291,FM 2145,8,Other,1,Rural,5,Major Collector,98,Not Reported,0,This section IS NOT on the NHS,0,No Special Jurisdiction,70,70,30.05725833,30.05725833,-96.80287222,-96.80287222,12,Motor Vehicle In-Transport,6,Angle,0,No,2,Intersection,3,T-Intersection,1,On Roadway,1,Construction,1,Daylight,1,Clear,0,No,0000000,Not Applicable,99,Unknown,99,Unknown,99,Unknown EMS Scene Arrival Hour,99,Unknown EMS Scene Arrival Minutes,99,Unknown,99,Unknown EMS Hospital Arrival Time,1
48,Texas,481378,0,0,1,1,0,2,2,201,HARRIS (201),0,NOT APPLICABLE,5,May,7,7,7,Saturday,2022,16,4:00pm-4:59pm,34,34,BAMWOOD DR,NA,6,Local Street - Municipality,2,Urban,7,Local,98,Not Reported,0,This section IS NOT on the NHS,0,No Special Jurisdiction,0,None,30.0299,30.0299,-95.45992222,-95.45992222,38,Fence,0,The First Harmful Event was Not a Collision with a Motor Vehicle in Transport,0,No,1,Non-Junction,1,Not an Intersection,5,Outside Trafficway,0,None,1,Daylight,1,Clear,0,No,0000000,Not Applicable,99,Unknown,99,Unknown,99,Unknown EMS Scene Arrival Hour,99,Unknown EMS Scene Arrival Minutes,99,Unknown,99,Unknown EMS Hospital Arrival Time,1
48,Texas,481379,0,0,1,1,0,1,1,53,BURNET (53),0,NOT APPLICABLE,5,May,15,15,1,Sunday,2022,21,9:00pm-9:59pm,14,14,US-281,NA,2,US Highway,1,Rural,3,Principal Arterial - Other,98,Not Reported,1,This section IS ON the NHS,0,No Special Jurisdiction,36,36,30.98261944,30.98261944,-98.20391944,-98.20391944,52,Guardrail End,0,The First Harmful Event was Not a Collision with a Motor Vehicle in Transport,0,No,1,Non-Junction,1,Not an Intersection,4,On Roadside,0,None,2,Dark - Not Lighted,10,Cloudy,0,No,0000000,Not Applicable,99,Unknown,98,Unknown if Notified,99,Unknown EMS Scene Arrival Hour,98,Unknown if Arrived,88,Not Applicable (Not Transported),88,Not Applicable (Not Transported),1
48,Texas,481380,0,0,3,3,0,3,3,201,HARRIS (201),0,NOT APPLICABLE,5,May,20,20,6,Friday,2022,23,11:00pm-11:59pm,46,46,BARKER CYPRESS RD,NA,6,Local Street - Municipality,2,Urban,4,Minor Arterial,98,Not Reported,0,This section IS NOT on the NHS,0,No Special Jurisdiction,0,None,29.84598333,29.84598333,-95.68315,-95.68315,12,Motor Vehicle In-Transport,1,Front-to-Rear,0,No,1,Non-Junction,1,Not an Intersection,1,On Roadway,0,None,2,Dark - Not Lighted,1,Clear,0,No,0000000,Not Applicable,99,Unknown,99,Unknown,99,Unknown EMS Scene Arrival Hour,99,Unknown EMS Scene Arrival Minutes,99,Unknown,99,Unknown EMS Hospital Arrival Time,1
48,Texas,481381,0,0,1,1,0,1,1,265,KERR (265),0,NOT APPLICABLE,5,May,16,16,2,Monday,2022,13,1:00pm-1:59pm,11,11,I-10,NA,1,Interstate,1,Rural,1,Interstate,1,State Highway Agency,1,This section IS ON the NHS,0,No Special Jurisdiction,252,252,30.05236944,30.05236944,-99.01082778,-99.01082778,1,Rollover/Overturn,0,The First Harmful Event was Not a Collision with a Motor Vehicle in Transport,0,No,1,Non-Junction,1,Not an Intersection,3,On Median,0,None,1,Daylight,1,Clear,0,No,0000000,Not Applicable,99,Unknown,99,Unknown,99,Unknown EMS Scene Arrival Hour,99,Unknown EMS Scene Arrival Minutes,99,Unknown,99,Unknown EMS Hospital Arrival Time,1
48,Texas,481382,1,1,1,1,0,1,1,201,HARRIS (201),3280,HOUSTON,5,May,10,10,3,Tuesday,2022,5,5:00am-5:59am,23,23,I-610/NORTH LP FWY,NA,1,Interstate,2,Urban,1,Interstate,1,State Highway Agency,1,This section IS ON the NHS,0,No Special Jurisdiction,105,105,29.80916111,29.80916111,-95.30488333,-95.30488333,8,Pedestrian,0,The First Harmful Event was Not a Collision with a Motor Vehicle in Transport,1,Yes,18,Through Roadway,1,Not an Intersection,1,On Roadway,0,None,2,Dark - Not Lighted,1,Clear,0,No,0000000,Not Applicable,99,Unknown,98,Unknown if Notified,99,Unknown EMS Scene Arrival Hour,98,Unknown if Arrived,88,Not Applicable (Not Transported),88,Not Applicable (Not Transported),1
48,Texas,481383,1,1,2,2,0,3,3,201,HARRIS (201),3280,HOUSTON,5,May,12,12,5,Thursday,2022,2,2:00am-2:59am,51,51,FM 1960 RD,NA,6,Local Street - Municipality,2,Urban,3,Principal Arterial - Other,98,Not Reported,0,This section IS NOT on the NHS,0,No Special Jurisdiction,337,337,30.01598333,30.01598333,-95.12223333,-95.12223333,8,Pedestrian,0,The First Harmful Event was Not a Collision with a Motor Vehicle in Transport,0,No,1,Non-Junction,1,Not an Intersection,1,On Roadway,0,None,2,Dark - Not Lighted,1,Clear,0,No,0000000,Not Applicable,99,Unknown,98,Unknown if Notified,99,Unknown EMS Scene Arrival Hour,98,Unknown if Arrived,88,Not Applicable (Not Transported),88,Not Applicable (Not Transported),1
48,Texas,481384,0,0,1,1,0,1,1,5,ANGELINA (5),4160,LUFKIN,5,May,21,21,7,Saturday,2022,22,10:00pm-10:59pm,52,52,SR-339 SPUR,NA,3,State Highway,2,Urban,4,Minor Arterial,98,Not Reported,0,This section IS NOT on the NHS,0,No Special Jurisdiction,124,124,31.36035,31.36035,-94.75968611,-94.75968611,43,Other Fixed Object,0,The First Harmful Event was Not a Collision with a Motor Vehicle in Transport,0,No,7,Crossover-Related,1,Not an Intersection,5,Outside Trafficway,0,None,3,Dark - Lighted,10,Cloudy,0,No,0000000,Not Applicable,99,Unknown,98,Unknown if Notified,99,Unknown EMS Scene Arrival Hour,98,Unknown if Arrived,88,Not Applicable (Not Transported),88,Not Applicable (Not Transported),1
48,Texas,481385,0,0,2,2,0,5,5,61,CAMERON (61),0,NOT APPLICABLE,4,April,20,20,4,Wednesday,2022,17,5:00pm-5:59pm,42,42,FM 506,NA,8,Other,1,Rural,5,Major Collector,98,Not Reported,0,This section IS NOT on the NHS,0,No Special Jurisdiction,1,1,26.34149444,26.34149444,-97.82068056,-97.82068056,12,Motor Vehicle In-Transport,2,Front-to-Front,0,No,1,Non-Junction,1,Not an Intersection,1,On Roadway,0,None,1,Daylight,1,Clear,0,No,0000000,Not Applicable,99,Unknown,99,Unknown,99,Unknown EMS Scene Arrival Hour,99,Unknown EMS Scene Arrival Minutes,99,Unknown,99,Unknown EMS Hospital Arrival Time,3
48,Texas,481386,0,0,1,1,0,3,3,387,RED RIVER (387),0,NOT APPLICABLE,5,May,9,9,2,Monday,2022,15,3:00pm-3:59pm,1,1,FM 114,NA,8,Other,1,Rural,5,Major Collector,98,Not Reported,0,This section IS NOT on the NHS,0,No Special Jurisdiction,46,46,33.62351667,33.62351667,-94.94751667,-94.94751667,1,Rollover/Overturn,0,The First Harmful Event was Not a Collision with a Motor Vehicle in Transport,0,No,1,Non-Junction,1,Not an Intersection,5,Outside Trafficway,0,None,1,Daylight,1,Clear,0,No,0000000,Not Applicable,99,Unknown,99,Unknown,99,Unknown EMS Scene Arrival Hour,99,Unknown EMS Scene Arrival Minutes,99,Unknown,99,Unknown EMS Hospital Arrival Time,1
48,Texas,481387,0,0,2,2,0,3,3,187,GUADALUPE (187),6290,SEGUIN,5,May,15,15,1,Sunday,2022,13,1:00pm-1:59pm,52,52,SR-123,NA,3,State Highway,2,Urban,4,Minor Arterial,98,Not Reported,0,This section IS NOT on the NHS,0,No Special Jurisdiction,53,53,29.55991667,29.55991667,-97.96947778,-97.96947778,12,Motor Vehicle In-Transport,2,Front-to-Front,0,No,8,Driveway Access Related,1,Not an Intersection,1,On Roadway,0,None,1,Daylight,1,Clear,0,No,0000000,Not Applicable,99,Unknown,99,Unknown,99,Unknown EMS Scene Arrival Hour,99,Unknown EMS Scene Arrival Minutes,99,Unknown,99,Unknown EMS Hospital Arrival Time,1
48,Texas,481388,1,1,1,1,0,1,1,479,WEBB (479),3899,LAREDO,5,May,16,16,2,Monday,2022,23,11:00pm-11:59pm,58,58,BU-59 Z SAUNDERS ST,NA,8,Other,2,Urban,3,Principal Arterial - Other,98,Not Reported,1,This section IS ON the NHS,0,No Special Jurisdiction,452,452,27.53059444,27.53059444,-99.48620278,-99.48620278,8,Pedestrian,0,The First Harmful Event was Not a Collision with a Motor Vehicle in Transport,0,No,1,Non-Junction,1,Not an Intersection,1,On Roadway,0,None,3,Dark - Lighted,1,Clear,0,No,0000000,Not Applicable,99,Unknown,98,Unknown if Notified,99,Unknown EMS Scene Arrival Hour,98,Unknown if Arrived,88,Not Applicable (Not Transported),88,Not Applicable (Not Transported),1
48,Texas,481389,0,0,2,2,0,6,6,303,LUBBOCK (303),4140,LUBBOCK,5,May,16,16,2,Monday,2022,0,0:00am-0:59am,21,21,US-82,NA,2,US Highway,2,Urban,3,Principal Arterial - Other,98,Not Reported,1,This section IS ON the NHS,0,No Special Jurisdiction,181,181,33.59089444,33.59089444,-101.83660833,-101.83660833,12,Motor Vehicle In-Transport,2,Front-to-Front,0,No,1,Non-Junction,1,Not an Intersection,1,On Roadway,0,None,2,Dark - Not Lighted,1,Clear,0,No,0000000,Not Applicable,99,Unknown,99,Unknown,99,Unknown EMS Scene Arrival Hour,99,Unknown EMS Scene Arrival Minutes,99,Unknown,99,Unknown EMS Hospital Arrival Time,1
48,Texas,481390,0,0,2,2,0,3,3,409,SAN PATRICIO (409),0,NOT APPLICABLE,5,May,12,12,5,Thursday,2022,7,7:00am-7:59am,44,44,SR-188,FM 796,3,State Highway,1,Rural,5,Major Collector,98,Not Reported,0,This section IS NOT on the NHS,0,No Special Jurisdiction,62,62,28.05830556,28.05830556,-97.67195278,-97.67195278,12,Motor Vehicle In-Transport,6,Angle,0,No,2,Intersection,2,Four-Way Intersection,1,On Roadway,0,None,1,Daylight,1,Clear,0,No,0000000,Not Applicable,99,Unknown,99,Unknown,99,Unknown EMS Scene Arrival Hour,99,Unknown EMS Scene Arrival Minutes,88,Not Applicable (Not Transported),88,Not Applicable (Not Transported),2