STATE,STATENAME,ST_CASE,PEDS,PERNOTMVIT,VE_TOTAL,VE_FORMS,PVH_INVL,PERSONS,PERMVIT,COUNTY,COUNTYNAME,CITY,CITYNAME,MONTH,MONTHNAME,DAY,DAYNAME,DAY_WEEK,DAY_WEEKNAME,YEAR,HOUR,HOURNAME,MINUTE,MINUTENAME,TWAY_ID,TWAY_ID2,ROUTE,ROUTENAME,RUR_URB,RUR_URBNAME,FUNC_SYS,FUNC_SYSNAME,RD_OWNER,RD_OWNERNAME,NHS,NHSNAME,SP_JUR,SP_JURNAME,MILEPT,MILEPTNAME,LATITUDE,LATITUDENAME,LONGITUD,LONGITUDNAME,HARM_EV,HARM_EVNAME,MAN_COLL,MAN_COLLNAME,RELJCT1,RELJCT1NAME,RELJCT2,RELJCT2NAME,TYP_INT,TYP_INTNAME,REL_ROAD,REL_ROADNAME,WRK_ZONE,WRK_ZONENAME,LGT_COND,LGT_CONDNAME,WEATHER,WEATHERNAME,SCH_BUS,SCH_BUSNAME,RAIL,RAILNAME,NOT_HOUR,NOT_HOURNAME,NOT_MIN,NOT_MINNAME,ARR_HOUR,ARR_HOURNAME,ARR_MIN,ARR_MINNAME,HOSP_HR,HOSP_HRNAME,HOSP_MN,HOSP_MNNAME,FATALS
48,Texas,482080,0,0,2,2,0,3,3,245,JEFFERSON (245),5430,PORT ARTHUR,7,July,25,25,2,Monday,2022,5,5:00am-5:59am,49,49,SR-73,WEST PORT ARTHUR RD,3,State Highway,2,Urban,3,Principal Arterial - Other,98,Not Reported,1,This section IS ON the NHS,0,No Special Jurisdiction,241,241,29.88511389,29.88511389,-94.00076389,-94.00076389,12,Motor Vehicle In-Transport,6,Angle,0,No,2,Intersection,3,T-Intersection,1,On Roadway,0,None,4,Dawn,10,Cloudy,0,No,0000000,Not Applicable,99,Unknown,98,Unknown if Notified,99,Unknown EMS Scene Arrival Hour,98,Unknown if Arrived,88,Not Applicable (Not Transported),88,Not Applicable (Not Transported),1
48,Texas,482081,0,0,2,2,0,5,5,477,WASHINGTON (477),0,NOT APPLICABLE,4,April,23,23,7,Saturday,2022,12,12:00pm-12:59pm,45,45,US-290,CR-SAUSAGE LN,2,US Highway,1,Rural,3,Principal Arterial - Other,98,Not Reported,1,This section IS ON the NHS,0,No Special Jurisdiction,307,307,30.12915556,30.12915556,-96.19884722,-96.19884722,12,Motor Vehicle In-Transport,6,Angle,0,No,2,Intersection,3,T-Intersection,1,On Roadway,0,None,1,Daylight,1,Clear,0,No,0000000,Not Applicable,99,Unknown,98,Unknown if Notified,99,Unknown EMS Scene Arrival Hour,98,Unknown if Arrived,88,Not Applicable (Not Transported),88,Not Applicable (Not Transported),1
48,Texas,482082,2,2,1,1,0,1,1,61,CAMERON (61),0,NOT APPLICABLE,7,July,10,10,1,Sunday,2022,17,5:00pm-5:59pm,22,22,CR-BEACH ROAD,NA,4,County Road,6,Trafficway Not in State Inventory,96,Trafficway Not in State Inventory,96,Trafficway Not in State Inventory,0,This section IS NOT on the NHS,0,No Special Jurisdiction,99998,Not Reported,26.04504722,26.04504722,-97.35569167,-97.35569167,8,Pedestrian,0,The First Harmful Event was Not a Collision with a Motor Vehicle in Transport,0,No,1,Non-Junction,1,Not an Intersection,5,Outside Trafficway,0,None,1,Daylight,1,Clear,0,No,0000000,Not Applicable,99,Unknown,99,Unknown,99,Unknown EMS Scene Arrival Hour,99,Unknown EMS Scene Arrival Minutes,99,Unknown,99,Unknown EMS Hospital Arrival Time,1
48,Texas,482083,0,0,1,1,0,1,1,37,BOWIE (37),0,NOT APPLICABLE,7,July,23,23,7,Saturday,2022,6,6:00am-6:59am,1,1,US-67 7TH ST,NA,2,US Highway,1,Rural,3,Principal Arterial - Other,98,Not Reported,0,This section IS NOT on the NHS,0,No Special Jurisdiction,82,82,33.39652778,33.39652778,-94.17613056,-94.17613056,59,Traffic Sign Support,0,The First Harmful Event was Not a Collision with a Motor Vehicle in Transport,0,No,1,Non-Junction,1,Not an Intersection,4,On Roadside,0,None,2,Dark - Not Lighted,1,Clear,0,No,0000000,Not Applicable,99,Unknown,99,Unknown,99,Unknown EMS Scene Arrival Hour,99,Unknown EMS Scene Arrival Minutes,88,Not Applicable (Not Transported),88,Not Applicable (Not Transported),1
48,Texas,482084,0,0,3,2,1,2,2,453,TRAVIS (453),330,AUSTIN,7,July,25,25,2,Monday,2022,8,8:00am-8:59am,54,54,I-35 SVRD,NA,7,Local Street - Frontage Road,2,Urban,5,Major Collector,98,Not Reported,0,This section IS NOT on the NHS,0,No Special Jurisdiction,123,123,30.19513056,30.19513056,-97.76749722,-97.76749722,12,Motor Vehicle In-Transport,6,Angle,1,Yes,19,Other location within Interchange Area,1,Not an Intersection,4,On Roadside,0,None,1,Daylight,1,Clear,0,No,0000000,Not Applicable,99,Unknown,99,Unknown,99,Unknown EMS Scene Arrival Hour,99,Unknown EMS Scene Arrival Minutes,99,Unknown,99,Unknown EMS Hospital Arrival Time,1
48,Texas,482085,0,0,2,2,0,2,2,55,CALDWELL (55),0,NOT APPLICABLE,7,July,1,1,6,Friday,2022,2,2:00am-2:59am,32,32,I-10,NA,1,Interstate,1,Rural,1,Interstate,1,State Highway Agency,1,This section IS ON the NHS,0,No Special Jurisdiction,25,25,29.64992778,29.64992778,-97.60901667,-97.60901667,12,Motor Vehicle In-Transport,1,Front-to-Rear,0,No,1,Non-Junction,1,Not an Intersection,1,On Roadway,0,None,2,Dark - Not Lighted,1,Clear,0,No,0000000,Not Applicable,99,Unknown,99,Unknown,99,Unknown EMS Scene Arrival Hour,99,Unknown EMS Scene Arrival Minutes,99,Unknown,99,Unknown EMS Hospital Arrival Time,1
48,Texas,482086,0,0,1,1,0,2,2,479,WEBB (479),3899,LAREDO,7,July,18,18,2,Monday,2022,1,1:00am-1:59am,33,33,US-59/SR-20 LP/BOB BULLOCK LP,CORRIDOR RD,2,US Highway,2,Urban,3,Principal Arterial - Other,98,Not Reported,1,This section IS ON the NHS,0,No Special Jurisdiction,108,108,27.54358333,27.54358333,-99.45224722,-99.45224722,46,Traffic Signal Support,0,The First Harmful Event was Not a Collision with a Motor Vehicle in Transport,0,No,3,Intersection-Related,2,Four-Way Intersection,12,Pedestrian Refuge Island or Traffic Island,0,None,3,Dark - Lighted,1,Clear,0,No,0000000,Not Applicable,99,Unknown,99,Unknown,99,Unknown EMS Scene Arrival Hour,99,Unknown EMS Scene Arrival Minutes,99,Unknown,99,Unknown EMS Hospital Arrival Time,1
48,Texas,482087,0,0,2,2,0,2,2,99,CORYELL (99),0,NOT APPLICABLE,7,July,22,22,6,Friday,2022,14,2:00pm-2:59pm,33,33,FM 929,NA,8,Other,2,Urban,5,Major Collector,98,Not Reported,0,This section IS NOT on the NHS,0,No Special Jurisdiction,26,26,31.47630556,31.47630556,-97.70785556,-97.70785556,12,Motor Vehicle In-Transport,2,Front-to-Front,0,No,1,Non-Junction,1,Not an Intersection,1,On Roadway,0,None,1,Daylight,1,Clear,0,No,0000000,Not Applicable,99,Unknown,99,Unknown,99,Unknown EMS Scene Arrival Hour,99,Unknown EMS Scene Arrival Minutes,99,Unknown,99,Unknown EMS Hospital Arrival Time,1
48,Texas,482088,0,0,1,1,0,4,4,389,REEVES (389),0,NOT APPLICABLE,7,July,20,20,4,Wednesday,2022,7,7:00am-7:59am,10,10,I-20,NA,1,Interstate,1,Rural,1,Interstate,1,State Highway Agency,1,This section IS ON the NHS,0,No Special Jurisdiction,179,179,31.20262222,31.20262222,-103.92679722,-103.92679722,1,Rollover/Overturn,0,The First Harmful Event was Not a Collision with a Motor Vehicle in Transport,0,No,1,Non-Junction,1,Not an Intersection,10,Separator,0,None,3,Dark - Lighted,1,Clear,0,No,0000000,Not Applicable,99,Unknown,99,Unknown,99,Unknown EMS Scene Arrival Hour,99,Unknown EMS Scene Arrival Minutes,99,Unknown,99,Unknown EMS Hospital Arrival Time,1
48,Texas,482089,1,1,1,1,0,1,1,215,HIDALGO (215),4197,MCALLEN,7,July,24,24,1,Sunday,2022,21,9:00pm-9:59pm,13,13,US-83,1ST ST,2,US Highway,2,Urban,3,Principal Arterial - Other,98,Not Reported,1,This section IS ON the NHS,0,No Special Jurisdiction,83,83,26.20149167,26.20149167,-98.21929722,-98.21929722,8,Pedestrian,0,The First Harmful Event was Not a Collision with a Motor Vehicle in Transport,0,No,2,Intersection,2,Four-Way Intersection,1,On Roadway,0,None,2,Dark - Not Lighted,1,Clear,0,No,0000000,Not Applicable,99,Unknown,99,Unknown,99,Unknown EMS Scene Arrival Hour,99,Unknown EMS Scene Arrival Minutes,99,Unknown,99,Unknown EMS Hospital Arrival Time,1
48,Texas,482090,0,0,2,2,0,4,4,257,KAUFMAN (257),0,NOT APPLICABLE,7,July,17,17,1,Sunday,2022,3,3:00am-3:59am,58,58,I-20,NA,1,Interstate,2,Urban,1,Interstate,1,State Highway Agency,1,This section IS ON the NHS,0,No Special Jurisdiction,41,41,32.69971944,32.69971944,-96.44996944,-96.44996944,12,Motor Vehicle In-Transport,7,Sideswipe - Same Direction,0,No,1,Non-Junction,1,Not an Intersection,1,On Roadway,0,None,2,Dark - Not Lighted,1,Clear,0,No,0000000,Not Applicable,99,Unknown,99,Unknown,99,Unknown EMS Scene Arrival Hour,99,Unknown EMS Scene Arrival Minutes,99,Unknown,99,Unknown EMS Hospital Arrival Time,1
48,Texas,482091,0,0,2,2,0,6,6,321,MATAGORDA (321),4395,MATAGORDA,7,July,17,17,1,Sunday,2022,14,2:00pm-2:59pm,14,14,SR-60,CR-259/CR-GULF RD,3,State Highway,1,Rural,5,Major Collector,98,Not Reported,0,This section IS NOT on the NHS,0,No Special Jurisdiction,317,317,28.69880556,28.69880556,-95.95773056,-95.95773056,12,Motor Vehicle In-Transport,6,Angle,0,No,2,Intersection,2,Four-Way Intersection,1,On Roadway,0,None,1,Daylight,1,Clear,0,No,0000000,Not Applicable,99,Unknown,99,Unknown,99,Unknown EMS Scene Arrival Hour,99,Unknown EMS Scene Arrival Minutes,99,Unknown,99,Unknown EMS Hospital Arrival Time,1
48,Texas,482092,0,0,1,1,0,2,2,201,HARRIS (201),0,NOT APPLICABLE,4,April,9,9,7,Saturday,2022,19,7:00pm-7:59pm,44,44,PARKFORD MEADOW DR,NA,6,Local Street - Municipality,2,Urban,7,Local,98,Not Reported,0,This section IS NOT on the NHS,0,No Special Jurisdiction,0,None,29.88081667,29.88081667,-95.72856389,-95.72856389,1,Rollover/Overturn,0,The First Harmful Event was Not a Collision with a Motor Vehicle in Transport,0,No,1,Non-Junction,1,Not an Intersection,1,On Roadway,0,None,5,Dusk,1,Clear,0,No,0000000,Not Applicable,99,Unknown,99,Unknown,99,Unknown EMS Scene Arrival Hour,99,Unknown EMS Scene Arrival Minutes,99,Unknown,99,Unknown EMS Hospital Arrival Time,1
48,Texas,482093,0,0,1,1,0,1,1,339,MONTGOMERY (339),1510,CONROE,7,July,23,23,7,Saturday,2022,22,10:00pm-10:59pm,42,42,I-45 SVRD,NA,7,Local Street - Frontage Road,2,Urban,5,Major Collector,98,Not Reported,0,This section IS NOT on the NHS,0,No Special Jurisdiction,89,89,30.23603056,30.23603056,-95.45924722,-95.45924722,33,Curb,0,The First Harmful Event was Not a Collision with a Motor Vehicle in Transport,1,Yes,19,Other location within Interchange Area,1,Not an Intersection,8,Gore,0,None,3,Dark - Lighted,1,Clear,0,No,0000000,Not Applicable,99,Unknown,98,Unknown if Notified,99,Unknown EMS Scene Arrival Hour,98,Unknown if Arrived,88,Not Applicable (Not Transported),88,Not Applicable (Not Transported),1
48,Texas,482094,1,1,1,1,0,2,2,215,HIDALGO (215),2110,EDINBURG,7,July,7,7,5,Thursday,2022,21,9:00pm-9:59pm,59,59,US-281 BUSINESS/CLOSNER BLVD,NA,2,US Highway,2,Urban,3,Principal Arterial - Other,98,Not Reported,1,This section IS ON the NHS,0,No Special Jurisdiction,37,37,26.30875833,26.30875833,-98.16108333,-98.16108333,15,Non-Motorist on Personal Conveyance,0,The First Harmful Event was Not a Collision with a Motor Vehicle in Transport,0,No,1,Non-Junction,1,Not an Intersection,1,On Roadway,0,None,3,Dark - Lighted,1,Clear,0,No,0000000,Not Applicable,99,Unknown,99,Unknown,99,Unknown EMS Scene Arrival Hour,99,Unknown EMS Scene Arrival Minutes,88,Not Applicable (Not Transported),88,Not Applicable (Not Transported),1
48,Texas,482095,0,0,1,1,0,1,1,113,DALLAS (113),7520,WILMER,7,July,20,20,4,Wednesday,2022,17,5:00pm-5:59pm,25,25,I-45,NA,1,Interstate,2,Urban,1,Interstate,1,State Highway Agency,1,This section IS ON the NHS,0,No Special Jurisdiction,50,50,32.61713611,32.61713611,-96.69168889,-96.69168889,59,Traffic Sign Support,0,The First Harmful Event was Not a Collision with a Motor Vehicle in Transport,1,Yes,19,Other location within Interchange Area,1,Not an Intersection,8,Gore,0,None,1,Daylight,1,Clear,0,No,0000000,Not Applicable,99,Unknown,98,Unknown if Notified,99,Unknown EMS Scene Arrival Hour,98,Unknown if Arrived,88,Not Applicable (Not Transported),88,Not Applicable (Not Transported),1
48,Texas,482096,0,0,1,1,0,4,4,77,CLAY (77),0,NOT APPLICABLE,7,July,22,22,6,Friday,2022,19,7:00pm-7:59pm,0,0,US-82,NA,2,US Highway,1,Rural,3,Principal Arterial - Other,98,Not Reported,1,This section IS ON the NHS,0,No Special Jurisdiction,118,118,33.82669167,33.82669167,-98.24018611,-98.24018611,23,Bridge Rail (Includes parapet),0,The First Harmful Event was Not a Collision with a Motor Vehicle in Transport,0,No,1,Non-Junction,1,Not an Intersection,3,On Median,0,None,1,Daylight,1,Clear,0,No,0000000,Not Applicable,99,Unknown,99,Unknown,99,Unknown EMS Scene Arrival Hour,99,Unknown EMS Scene Arrival Minutes,99,Unknown,99,Unknown EMS Hospital Arrival Time,1
48,Texas,482097,0,0,2,2,0,4,4,225,HOUSTON (225),0,NOT APPLICABLE,7,July,24,24,1,Sunday,2022,17,5:00pm-5:59pm,3,3,SR-7,NA,3,State Highway,2,Urban,3,Principal Arterial - Other,98,Not Reported,1,This section IS ON the NHS,0,No Special Jurisdiction,189,189,31.38117778,31.38117778,-95.15531667,-95.15531667,12,Motor Vehicle In-Transport,6,Angle,0,No,1,Non-Junction,1,Not an Intersection,1,On Roadway,0,None,1,Daylight,2,Rain,0,No,0000000,Not Applicable,99,Unknown,99,Unknown,99,Unknown EMS Scene Arrival Hour,99,Unknown EMS Scene Arrival Minutes,99,Unknown,99,Unknown EMS Hospital Arrival Time,2
48,Texas,482098,0,0,1,1,0,1,1,113,DALLAS (113),2590,GARLAND,7,July,23,23,7,Saturday,2022,21,9:00pm-9:59pm,50,50,BROADWAY BLVD,NA,6,Local Street - Municipality,2,Urban,3,Principal Arterial - Other,98,Not Reported,0,This section IS NOT on the NHS,0,No Special Jurisdiction,0,None,32.86341389,32.86341389,-96.60365,-96.60365,33,Curb,0,The First Harmful Event was Not a Collision with a Motor Vehicle in Transport,0,No,1,Non-Junction,1,Not an Intersection,4,On Roadside,0,None,3,Dark - Lighted,1,Clear,0,No,0000000,Not Applicable,99,Unknown,99,Unknown,99,Unknown EMS Scene Arrival Hour,99,Unknown EMS Scene Arrival Minutes,99,Unknown,99,Unknown EMS Hospital Arrival Time,1
48,Texas,482099,0,0,2,2,0,4,4,233,HUTCHINSON (233),0,NOT APPLICABLE,7,July,13,13,4,Wednesday,2022,19,7:00pm-7:59pm,9,9,SR-136,FM 281,3,State Highway,1,Rural,5,Major Collector,98,Not Reported,0,This section IS NOT on the NHS,0,No Special Jurisdiction,32,32,36.02336111,36.02336111,-101.46226944,-101.46226944,12,Motor Vehicle In-Transport,6,Angle,0,No,2,Intersection,2,Four-Way Intersection,1,On Roadway,0,None,1,Daylight,1,Clear,0,No,0000000,Not Applicable,99,Unknown,99,Unknown,99,Unknown EMS Scene Arrival Hour,99,Unknown EMS Scene Arrival Minutes,99,Unknown,99,Unknown EMS Hospital Arrival Time,2
48,Texas,482100,0,0,2,2,0,4,4,67,CASS (67),0,NOT APPLICABLE,7,July,24,24,1,Sunday,2022,9,9:00am-9:59am,55,55,FM 161,FM 130,8,Other,1,Rural,5,Major Collector,98,Not Reported,0,This section IS NOT on the NHS,0,No Special Jurisdiction,28,28,33.05947778,33.05947778,-94.62235833,-94.62235833,12,Motor Vehicle In-Transport,6,Angle,0,No,2,Intersection,2,Four-Way Intersection,1,On Roadway,0,None,1,Daylight,1,Clear,0,No,0000000,Not Applicable,99,Unknown,99,Unknown,99,Unknown EMS Scene Arrival Hour,99,Unknown EMS Scene Arrival Minutes,99,Unknown,99,Unknown EMS Hospital Arrival Time,1
48,Texas,482101,0,0,2,2,0,2,2,439,TARRANT (439),2990,HALTOM CITY,7,July,24,24,1,Sunday,2022,2,2:00am-2:59am,16,16,US-377/BELKNAP ST,NA,2,US Highway,2,Urban,3,Principal Arterial - Other,98,Not Reported,1,This section IS ON the NHS,0,No Special Jurisdiction,14,14,32.78608333,32.78608333,-97.28360833,-97.28360833,12,Motor Vehicle In-Transport,1,Front-to-Rear,0,No,1,Non-Junction,1,Not an Intersection,1,On Roadway,0,None,3,Dark - Lighted,1,Clear,0,No,0000000,Not Applicable,99,Unknown,98,Unknown if Notified,99,Unknown EMS Scene Arrival Hour,98,Unknown if Arrived,88,Not Applicable (Not Transported),88,Not Applicable (Not Transported),1
48,Texas,482102,0,0,2,2,0,3,3,39,BRAZORIA (39),3800,LAKE JACKSON,7,July,13,13,4,Wednesday,2022,1,1:00am-1:59am,31,31,SR-288,NA,3,State Highway,2,Urban,2,Principal Arterial - Other Freeways and Expressways,98,Not Reported,1,This section IS ON the NHS,0,No Special Jurisdiction,95,95,29.02915556,29.02915556,-95.43926389,-95.43926389,12,Motor Vehicle In-Transport,2,Front-to-Front,0,No,1,Non-Junction,1,Not an Intersection,1,On Roadway,0,None,2,Dark - Not Lighted,10,Cloudy,0,No,0000000,Not Applicable,99,Unknown,99,Unknown,99,Unknown EMS Scene Arrival Hour,99,Unknown EMS Scene Arrival Minutes,99,Unknown,99,Unknown EMS Hospital Arrival Time,1
48,Texas,482103,0,0,5,2,3,8,8,27,BELL (27),6810,TEMPLE,7,July,20,20,4,Wednesday,2022,13,1:00pm-1:59pm,32,32,I-35/PURPLE HEART TRL,NA,1,Interstate,2,Urban,1,Interstate,1,State Highway Agency,1,This section IS ON the NHS,0,No Special Jurisdiction,190,190,31.08368889,31.08368889,-97.40841944,-97.40841944,12,Motor Vehicle In-Transport,7,Sideswipe - Same Direction,1,Yes,18,Through Roadway,1,Not an Intersection,1,On Roadway,0,None,1,Daylight,1,Clear,0,No,0000000,Not Applicable,99,Unknown,99,Unknown,99,Unknown EMS Scene Arrival Hour,99,Unknown EMS Scene Arrival Minutes,99,Unknown,99,Unknown EMS Hospital Arrival Time,1
48,Texas,482104,0,0,3,3,0,3,3,39,BRAZORIA (39),130,ALVIN,7,July,27,27,4,Wednesday,2022,0,0:00am-0:59am,57,57,SR-6,NA,3,State Highway,2,Urban,3,Principal Arterial - Other,98,Not Reported,1,This section IS ON the NHS,0,No Special Jurisdiction,126,126,29.43173889,29.43173889,-95.25206944,-95.25206944,12,Motor Vehicle In-Transport,2,Front-to-Front,0,No,1,Non-Junction,1,Not an Intersection,1,On Roadway,0,None,3,Dark - Lighted,10,Cloudy,0,No,0000000,Not Applicable,99,Unknown,99,Unknown,99,Unknown EMS Scene Arrival Hour,99,Unknown EMS Scene Arrival Minutes,99,Unknown,99,Unknown EMS Hospital Arrival Time,1
48,Texas,482105,1,1,1,1,0,2,2,85,COLLIN (85),92,ALLEN,7,July,24,24,1,Sunday,2022,0,0:00am-0:59am,46,46,US-75/CENTRAL EXPY,NA,7,Local Street - Frontage Road,2,Urban,5,Major Collector,98,Not Reported,0,This section IS NOT on the NHS,0,No Special Jurisdiction,43,43,33.12706389,33.12706389,-96.66180556,-96.66180556,8,Pedestrian,0,The First Harmful Event was Not a Collision with a Motor Vehicle in Transport,0,No,1,Non-Junction,1,Not an Intersection,1,On Roadway,0,None,2,Dark - Not Lighted,1,Clear,0,No,0000000,Not Applicable,99,Unknown,99,Unknown,99,Unknown EMS Scene Arrival Hour,99,Unknown EMS Scene Arrival Minutes,99,Unknown,99,Unknown EMS Hospital Arrival Time,1
48,Texas,482106,0,0,2,2,0,3,3,231,HUNT (231),2860,GREENVILLE,7,July,6,6,4,Wednesday,2022,10,10:00am-10:59am,55,55,SR-34/WESLEY ST,RODEO DR,3,State Highway,2,Urban,3,Principal Arterial - Other,98,Not Reported,1,This section IS ON the NHS,0,No Special Jurisdiction,36,36,33.08248611,33.08248611,-96.10866944,-96.10866944,12,Motor Vehicle In-Transport,6,Angle,0,No,2,Intersection,3,T-Intersection,1,On Roadway,0,None,1,Daylight,1,Clear,0,No,0000000,Not Applicable,99,Unknown,99,Unknown,99,Unknown EMS Scene Arrival Hour,99,Unknown EMS Scene Arrival Minutes,99,Unknown,99,Unknown EMS Hospital Arrival Time,2
48,Texas,482108,0,0,5,5,0,11,11,439,TARRANT (439),2255,EULESS,7,July,24,24,1,Sunday,2022,19,7:00pm-7:59pm,30,30,SR-183,NA,3,State Highway,2,Urban,2,Principal Arterial - Other Freeways and Expressways,98,Not Reported,1,This section IS ON the NHS,0,No Special Jurisdiction,32,32,32.83708611,32.83708611,-97.07026944,-97.07026944,12,Motor Vehicle In-Transport,2,Front-to-Front,0,No,1,Non-Junction,1,Not an Intersection,1,On Roadway,0,None,1,Daylight,1,Clear,0,No,0000000,Not Applicable,99,Unknown,99,Unknown,99,Unknown EMS Scene Arrival Hour,99,Unknown EMS Scene Arrival Minutes,99,Unknown,99,Unknown EMS Hospital Arrival Time,1
48,Texas,482110,0,0,1,1,0,2,2,157,FORT BEND (157),0,NOT APPLICABLE,7,July,20,20,4,Wednesday,2022,17,5:00pm-5:59pm,7,7,US-59,NA,2,US Highway,1,Rural,3,Principal Arterial - Other,98,Not Reported,1,This section IS ON the NHS,0,No Special Jurisdiction,99998,Not Reported,29.46873611,29.46873611,-95.96416944,-95.96416944,52,Guardrail End,0,The First Harmful Event was Not a Collision with a Motor Vehicle in Transport,0,No,1,Non-Junction,1,Not an Intersection,10,Separator,1,Construction,1,Daylight,1,Clear,0,No,0000000,Not Applicable,99,Unknown,99,Unknown,99,Unknown EMS Scene Arrival Hour,99,Unknown EMS Scene Arrival Minutes,99,Unknown,99,Unknown EMS Hospital Arrival Time,1
48,Texas,482111,0,0,2,2,0,2,2,439,TARRANT (439),2450,FORT WORTH,7,July,25,25,2,Monday,2022,6,6:00am-6:59am,28,28,SR-180/ROSEDALE ST,GRIGGS AVE,3,State Highway,2,Urban,4,Minor Arterial,98,Not Reported,0,This section IS NOT on the NHS,0,No Special Jurisdiction,99998,Not Reported,32.73128611,32.73128611,-97.25828611,-97.25828611,12,Motor Vehicle In-Transport,6,Angle,0,No,2,Intersection,3,T-Intersection,1,On Roadway,0,None,4,Dawn,1,Clear,0,No,0000000,Not Applicable,99,Unknown,99,Unknown,99,Unknown EMS Scene Arrival Hour,99,Unknown EMS Scene Arrival Minutes,99,Unknown,99,Unknown EMS Hospital Arrival Time,1
48,Texas,482112,0,0,2,2,0,2,2,49,BROWN (49),2035,EARLY,7,July,22,22,6,Friday,2022,10,10:00am-10:59am,43,43,US-183,HEARTLAND DR,2,US Highway,2,Urban,3,Principal Arterial - Other,1,State Highway Agency,0,This section IS NOT on the NHS,0,No Special Jurisdiction,246,246,31.73785556,31.73785556,-98.96323611,-98.96323611,12,Motor Vehicle In-Transport,6,Angle,0,No,2,Intersection,3,T-Intersection,1,On Roadway,0,None,1,Daylight,1,Clear,0,No,0000000,Not Applicable,99,Unknown,99,Unknown,99,Unknown EMS Scene Arrival Hour,99,Unknown EMS Scene Arrival Minutes,99,Unknown,99,Unknown EMS Hospital Arrival Time,1
48,Texas,482113,1,1,2,1,1,1,1,113,DALLAS (113),1730,DALLAS,7,July,23,23,7,Saturday,2022,2,2:00am-2:59am,24,24,CLARENDON DR,NA,6,Local Street - Municipality,2,Urban,5,Major Collector,98,Not Reported,0,This section IS NOT on the NHS,0,No Special Jurisdiction,0,None,32.73444444,32.73444444,-96.86951389,-96.86951389,8,Pedestrian,0,The First Harmful Event was Not a Collision with a Motor Vehicle in Transport,0,No,1,Non-Junction,1,Not an Intersection,1,On Roadway,0,None,2,Dark - Not Lighted,1,Clear,0,No,0000000,Not Applicable,99,Unknown,99,Unknown,99,Unknown EMS Scene Arrival Hour,99,Unknown EMS Scene Arrival Minutes,88,Not Applicable (Not Transported),88,Not Applicable (Not Transported),1
48,Texas,482114,0,0,1,1,0,5,5,201,HARRIS (201),0,NOT APPLICABLE,7,July,20,20,4,Wednesday,2022,22,10:00pm-10:59pm,30,30,IMPERIAL VALLEY DR,NA,6,Local Street - Municipality,2,Urban,7,Local,98,Not Reported,0,This section IS NOT on the NHS,0,No Special Jurisdiction,0,None,29.97684444,29.97684444,-95.40873611,-95.40873611,1,Rollover/Overturn,0,The First Harmful Event was Not a Collision with a Motor Vehicle in Transport,0,No,1,Non-Junction,1,Not an Intersection,5,Outside Trafficway,0,None,3,Dark - Lighted,1,Clear,0,No,0000000,Not Applicable,99,Unknown,99,Unknown,99,Unknown EMS Scene Arrival Hour,99,Unknown EMS Scene Arrival Minutes,99,Unknown,99,Unknown EMS Hospital Arrival Time,2
48,Texas,482115,0,0,2,2,0,2,2,209,HAYS (209),6170,SAN MARCOS,7,July,15,15,6,Friday,2022,1,1:00am-1:59am,15,15,SR-123,NA,3,State Highway,2,Urban,3,Principal Arterial - Other,98,Not Reported,1,This section IS ON the NHS,0,No Special Jurisdiction,135,135,29.81870278,29.81870278,-97.94339167,-97.94339167,12,Motor Vehicle In-Transport,1,Front-to-Rear,0,No,8,Driveway Access Related,1,Not an Intersection,1,On Roadway,0,None,2,Dark - Not Lighted,1,Clear,0,No,0000000,Not Applicable,99,Unknown,99,Unknown,99,Unknown EMS Scene Arrival Hour,99,Unknown EMS Scene Arrival Minutes,88,Not Applicable (Not Transported),88,Not Applicable (Not Transported),1
48,Texas,482116,0,0,2,2,0,2,2,5,ANGELINA (5),0,NOT APPLICABLE,7,July,9,9,7,Saturday,2022,18,6:00pm-6:59pm,12,12,US-69,NA,2,US Highway,2,Urban,3,Principal Arterial - Other,98,Not Reported,1,This section IS ON the NHS,0,No Special Jurisdiction,31,31,31.30893333,31.30893333,-94.67936667,-94.67936667,12,Motor Vehicle In-Transport,6,Angle,0,No,8,Driveway Access Related,1,Not an Intersection,1,On Roadway,0,None,1,Daylight,1,Clear,0,No,0000000,Not Applicable,99,Unknown,98,Unknown if Notified,99,Unknown EMS Scene Arrival Hour,98,Unknown if Arrived,88,Not Applicable (Not Transported),88,Not Applicable (Not Transported),1
48,Texas,482117,0,0,2,2,0,3,3,157,FORT BEND (157),0,NOT APPLICABLE,7,July,26,26,3,Tuesday,2022,9,9:00am-9:59am,29,29,SR-36 W/ TEXAS INDEPENDENT TRL,FM 1489,3,State Highway,1,Rural,3,Principal Arterial - Other,98,Not Reported,1,This section IS ON the NHS,0,No Special Jurisdiction,30,30,29.60396667,29.60396667,-95.97786944,-95.97786944,12,Motor Vehicle In-Transport,6,Angle,0,No,2,Intersection,2,Four-Way Intersection,1,On Roadway,0,None,1,Daylight,1,Clear,0,No,0000000,Not Applicable,99,Unknown,99,Unknown,99,Unknown EMS Scene Arrival Hour,99,Unknown EMS Scene Arrival Minutes,99,Unknown,99,Unknown EMS Hospital Arrival Time,1
48,Texas,482118,1,1,1,1,0,1,1,47,BROOKS (47),0,NOT APPLICABLE,4,April,8,8,6,Friday,2022,20,8:00pm-8:59pm,30,30,US-281,NA,2,US Highway,1,Rural,3,Principal Arterial - Other,98,Not Reported,1,This section IS ON the NHS,0,No Special Jurisdiction,118,118,27.09565556,27.09565556,-98.14721111,-98.14721111,8,Pedestrian,0,The First Harmful Event was Not a Collision with a Motor Vehicle in Transport,0,No,1,Non-Junction,1,Not an Intersection,1,On Roadway,0,None,3,Dark - Lighted,1,Clear,0,No,0000000,Not Applicable,99,Unknown,98,Unknown if Notified,99,Unknown EMS Scene Arrival Hour,98,Unknown if Arrived,88,Not Applicable (Not Transported),88,Not Applicable (Not Transported),1