STATE,STATENAME,ST_CASE,PEDS,PERNOTMVIT,VE_TOTAL,VE_FORMS,PVH_INVL,PERSONS,PERMVIT,COUNTY,COUNTYNAME,CITY,CITYNAME,MONTH,MONTHNAME,DAY,DAYNAME,DAY_WEEK,DAY_WEEKNAME,YEAR,HOUR,HOURNAME,MINUTE,MINUTENAME,TWAY_ID,TWAY_ID2,ROUTE,ROUTENAME,RUR_URB,RUR_URBNAME,FUNC_SYS,FUNC_SYSNAME,RD_OWNER,RD_OWNERNAME,NHS,NHSNAME,SP_JUR,SP_JURNAME,MILEPT,MILEPTNAME,LATITUDE,LATITUDENAME,LONGITUD,LONGITUDNAME,HARM_EV,HARM_EVNAME,MAN_COLL,MAN_COLLNAME,RELJCT1,RELJCT1NAME,RELJCT2,RELJCT2NAME,TYP_INT,TYP_INTNAME,REL_ROAD,REL_ROADNAME,WRK_ZONE,WRK_ZONENAME,LGT_COND,LGT_CONDNAME,WEATHER,WEATHERNAME,SCH_BUS,SCH_BUSNAME,RAIL,RAILNAME,NOT_HOUR,NOT_HOURNAME,NOT_MIN,NOT_MINNAME,ARR_HOUR,ARR_HOURNAME,ARR_MIN,ARR_MINNAME,HOSP_HR,HOSP_HRNAME,HOSP_MN,HOSP_MNNAME,FATALS
48,Texas,482422,0,0,1,1,0,1,1,127,DIMMIT (127),0,NOT APPLICABLE,8,August,8,8,2,Monday,2022,23,11:00pm-11:59pm,0,0,FM 186,FAITH RANCH RD,8,Other,1,Rural,4,Minor Arterial,98,Not Reported,0,This section IS NOT on the NHS,0,No Special Jurisdiction,142,142,28.35879167,28.35879167,-99.95915278,-99.95915278,39,Wall,0,The First Harmful Event was Not a Collision with a Motor Vehicle in Transport,0,No,3,Intersection-Related,4,Y-Intersection,5,Outside Trafficway,0,None,2,Dark - Not Lighted,1,Clear,0,No,0000000,Not Applicable,99,Unknown,98,Unknown if Notified,99,Unknown EMS Scene Arrival Hour,98,Unknown if Arrived,88,Not Applicable (Not Transported),88,Not Applicable (Not Transported),1
48,Texas,482423,0,0,2,2,0,2,2,445,TERRY (445),920,BROWNFIELD,8,August,13,13,7,Saturday,2022,23,11:00pm-11:59pm,32,32,US-62/SEAGRAVES HWY,NA,2,US Highway,2,Urban,3,Principal Arterial - Other,98,Not Reported,1,This section IS ON the NHS,0,No Special Jurisdiction,218,218,33.17428889,33.17428889,-102.27516111,-102.27516111,1,Rollover/Overturn,0,The First Harmful Event was Not a Collision with a Motor Vehicle in Transport,0,No,1,Non-Junction,1,Not an Intersection,1,On Roadway,0,None,3,Dark - Lighted,1,Clear,0,No,0000000,Not Applicable,99,Unknown,98,Unknown if Notified,99,Unknown EMS Scene Arrival Hour,98,Unknown if Arrived,88,Not Applicable (Not Transported),88,Not Applicable (Not Transported),1
48,Texas,482424,0,0,1,1,0,1,1,221,HOOD (221),0,NOT APPLICABLE,8,August,5,5,6,Friday,2022,2,2:00am-2:59am,50,50,FM 4,NA,8,Other,1,Rural,5,Major Collector,98,Not Reported,0,This section IS NOT on the NHS,0,No Special Jurisdiction,64,64,32.52238611,32.52238611,-97.98541944,-97.98541944,38,Fence,0,The First Harmful Event was Not a Collision with a Motor Vehicle in Transport,0,No,1,Non-Junction,1,Not an Intersection,5,Outside Trafficway,0,None,2,Dark - Not Lighted,1,Clear,0,No,0000000,Not Applicable,99,Unknown,98,Unknown if Notified,99,Unknown EMS Scene Arrival Hour,98,Unknown if Arrived,88,Not Applicable (Not Transported),88,Not Applicable (Not Transported),1
48,Texas,482425,0,0,2,2,0,2,2,147,FANNIN (147),7010,TRENTON,5,May,30,30,2,Monday,2022,21,9:00pm-9:59pm,57,57,SR-121,NA,3,State Highway,1,Rural,3,Principal Arterial - Other,98,Not Reported,1,This section IS ON the NHS,0,No Special Jurisdiction,0,None,33.41122778,33.41122778,-96.37039444,-96.37039444,12,Motor Vehicle In-Transport,2,Front-to-Front,0,No,1,Non-Junction,1,Not an Intersection,1,On Roadway,0,None,2,Dark - Not Lighted,1,Clear,0,No,0000000,Not Applicable,99,Unknown,99,Unknown,99,Unknown EMS Scene Arrival Hour,99,Unknown EMS Scene Arrival Minutes,99,Unknown,99,Unknown EMS Hospital Arrival Time,1
48,Texas,482426,1,1,1,1,0,1,1,113,DALLAS (113),1730,DALLAS,8,August,20,20,7,Saturday,2022,3,3:00am-3:59am,10,10,BOTHAM JEAN BLVD/LAMAR,NA,6,Local Street - Municipality,2,Urban,4,Minor Arterial,98,Not Reported,0,This section IS NOT on the NHS,0,No Special Jurisdiction,0,None,32.73731667,32.73731667,-96.75818889,-96.75818889,8,Pedestrian,0,The First Harmful Event was Not a Collision with a Motor Vehicle in Transport,0,No,1,Non-Junction,1,Not an Intersection,1,On Roadway,0,None,2,Dark - Not Lighted,1,Clear,0,No,0000000,Not Applicable,99,Unknown,99,Unknown,99,Unknown EMS Scene Arrival Hour,99,Unknown EMS Scene Arrival Minutes,88,Not Applicable (Not Transported),88,Not Applicable (Not Transported),1
48,Texas,482427,0,0,2,2,0,2,2,183,GREGG (183),2670,GLADEWATER,8,August,23,23,3,Tuesday,2022,7,7:00am-7:59am,21,21,SR-485 LOOP,NONE,3,State Highway,2,Urban,3,Principal Arterial - Other,98,Not Reported,1,This section IS ON the NHS,0,No Special Jurisdiction,62,62,32.53194444,32.53194444,-94.92892222,-94.92892222,12,Motor Vehicle In-Transport,6,Angle,0,No,2,Intersection,3,T-Intersection,1,On Roadway,0,None,1,Daylight,10,Cloudy,0,No,0000000,Not Applicable,99,Unknown,99,Unknown,99,Unknown EMS Scene Arrival Hour,99,Unknown EMS Scene Arrival Minutes,99,Unknown,99,Unknown EMS Hospital Arrival Time,1
48,Texas,482428,0,0,1,1,0,2,2,441,TAYLOR (441),30,ABILENE,8,August,19,19,6,Friday,2022,19,7:00pm-7:59pm,6,6,I-20 RAMP,NA,1,Interstate,2,Urban,1,Interstate,1,State Highway Agency,1,This section IS ON the NHS,0,No Special Jurisdiction,90,90,32.43791944,32.43791944,-99.63519167,-99.63519167,57,Cable Barrier,0,The First Harmful Event was Not a Collision with a Motor Vehicle in Transport,1,Yes,5,Entrance/Exit Ramp Related,1,Not an Intersection,3,On Median,0,None,1,Daylight,1,Clear,0,No,0000000,Not Applicable,99,Unknown,98,Unknown if Notified,99,Unknown EMS Scene Arrival Hour,98,Unknown if Arrived,88,Not Applicable (Not Transported),88,Not Applicable (Not Transported),2
48,Texas,482430,0,0,1,1,0,1,1,91,COMAL (91),0,NOT APPLICABLE,8,August,21,21,1,Sunday,2022,14,2:00pm-2:59pm,18,18,CR-PURGATORY RD,NA,4,County Road,1,Rural,7,Local,98,Not Reported,0,This section IS NOT on the NHS,0,No Special Jurisdiction,0,None,29.84882778,29.84882778,-98.118625,-98.118625,32,Culvert,0,The First Harmful Event was Not a Collision with a Motor Vehicle in Transport,0,No,1,Non-Junction,1,Not an Intersection,4,On Roadside,0,None,1,Daylight,10,Cloudy,0,No,0000000,Not Applicable,99,Unknown,98,Unknown if Notified,99,Unknown EMS Scene Arrival Hour,98,Unknown if Arrived,88,Not Applicable (Not Transported),88,Not Applicable (Not Transported),1
48,Texas,482431,0,0,2,2,0,3,3,499,WOOD (499),0,NOT APPLICABLE,8,August,18,18,5,Thursday,2022,21,9:00pm-9:59pm,15,15,US-69,NA,2,US Highway,1,Rural,3,Principal Arterial - Other,98,Not Reported,1,This section IS ON the NHS,0,No Special Jurisdiction,27,27,32.77311944,32.77311944,-95.60963889,-95.60963889,12,Motor Vehicle In-Transport,2,Front-to-Front,0,No,1,Non-Junction,1,Not an Intersection,1,On Roadway,0,None,2,Dark - Not Lighted,10,Cloudy,0,No,0000000,Not Applicable,99,Unknown,99,Unknown,99,Unknown EMS Scene Arrival Hour,99,Unknown EMS Scene Arrival Minutes,99,Unknown,99,Unknown EMS Hospital Arrival Time,2
48,Texas,482432,0,0,2,2,0,3,3,497,WISE (497),890,BRIDGEPORT,8,August,16,16,3,Tuesday,2022,22,10:00pm-10:59pm,30,30,US-380,FM 1658,2,US Highway,1,Rural,3,Principal Arterial - Other,98,Not Reported,1,This section IS ON the NHS,0,No Special Jurisdiction,93,93,33.19111389,33.19111389,-97.81893889,-97.81893889,12,Motor Vehicle In-Transport,6,Angle,0,No,2,Intersection,2,Four-Way Intersection,1,On Roadway,0,None,2,Dark - Not Lighted,1,Clear,0,No,0000000,Not Applicable,99,Unknown,99,Unknown,99,Unknown EMS Scene Arrival Hour,99,Unknown EMS Scene Arrival Minutes,99,Unknown,99,Unknown EMS Hospital Arrival Time,1
48,Texas,482433,0,0,1,1,0,1,1,25,BEE (25),0,NOT APPLICABLE,8,August,6,6,7,Saturday,2022,0,0:00am-0:59am,21,21,US-181,NA,2,US Highway,1,Rural,3,Principal Arterial - Other,98,Not Reported,1,This section IS ON the NHS,0,No Special Jurisdiction,23,23,28.32290278,28.32290278,-97.70505278,-97.70505278,1,Rollover/Overturn,0,The First Harmful Event was Not a Collision with a Motor Vehicle in Transport,0,No,1,Non-Junction,1,Not an Intersection,4,On Roadside,0,None,2,Dark - Not Lighted,1,Clear,0,No,0000000,Not Applicable,99,Unknown,98,Unknown if Notified,99,Unknown EMS Scene Arrival Hour,98,Unknown if Arrived,88,Not Applicable (Not Transported),88,Not Applicable (Not Transported),1
48,Texas,482434,0,0,2,2,0,3,3,21,BASTROP (21),0,NOT APPLICABLE,8,August,21,21,1,Sunday,2022,0,0:00am-0:59am,59,59,SR-21,NA,3,State Highway,1,Rural,3,Principal Arterial - Other,98,Not Reported,1,This section IS ON the NHS,0,No Special Jurisdiction,94,94,30.09031944,30.09031944,-97.481925,-97.481925,12,Motor Vehicle In-Transport,2,Front-to-Front,0,No,1,Non-Junction,1,Not an Intersection,1,On Roadway,0,None,2,Dark - Not Lighted,1,Clear,0,No,0000000,Not Applicable,99,Unknown,99,Unknown,99,Unknown EMS Scene Arrival Hour,99,Unknown EMS Scene Arrival Minutes,99,Unknown,99,Unknown EMS Hospital Arrival Time,1
48,Texas,482435,1,1,1,1,0,2,2,439,TARRANT (439),2420,FOREST HILL,8,August,13,13,7,Saturday,2022,4,4:00am-4:59am,38,38,US-287 BU/MANSFIELD HWY,NA,2,US Highway,2,Urban,3,Principal Arterial - Other,98,Not Reported,1,This section IS ON the NHS,0,No Special Jurisdiction,90,90,32.67246389,32.67246389,-97.25661944,-97.25661944,8,Pedestrian,0,The First Harmful Event was Not a Collision with a Motor Vehicle in Transport,0,No,1,Non-Junction,1,Not an Intersection,1,On Roadway,0,None,3,Dark - Lighted,1,Clear,0,No,0000000,Not Applicable,99,Unknown,98,Unknown if Notified,99,Unknown EMS Scene Arrival Hour,98,Unknown if Arrived,88,Not Applicable (Not Transported),88,Not Applicable (Not Transported),1
48,Texas,482436,0,0,2,2,0,2,2,453,TRAVIS (453),330,AUSTIN,7,July,29,29,6,Friday,2022,4,4:00am-4:59am,51,51,I-35,NA,7,Local Street - Frontage Road,2,Urban,5,Major Collector,1,State Highway Agency,0,This section IS NOT on the NHS,0,No Special Jurisdiction,7,7,30.44499722,30.44499722,-97.66722778,-97.66722778,12,Motor Vehicle In-Transport,1,Front-to-Rear,0,No,1,Non-Junction,1,Not an Intersection,1,On Roadway,0,None,3,Dark - Lighted,1,Clear,0,No,0000000,Not Applicable,99,Unknown,98,Unknown if Notified,99,Unknown EMS Scene Arrival Hour,98,Unknown if Arrived,88,Not Applicable (Not Transported),88,Not Applicable (Not Transported),1
48,Texas,482437,1,1,1,1,0,1,1,453,TRAVIS (453),330,AUSTIN,8,August,9,9,3,Tuesday,2022,23,11:00pm-11:59pm,58,58,BRAKER,WEDGEWOOD,6,Local Street - Municipality,2,Urban,4,Minor Arterial,1,State Highway Agency,0,This section IS NOT on the NHS,0,No Special Jurisdiction,2,2,30.40780556,30.40780556,-97.67395833,-97.67395833,8,Pedestrian,0,The First Harmful Event was Not a Collision with a Motor Vehicle in Transport,0,No,3,Intersection-Related,3,T-Intersection,1,On Roadway,0,None,3,Dark - Lighted,1,Clear,0,No,0000000,Not Applicable,99,Unknown,99,Unknown,99,Unknown EMS Scene Arrival Hour,99,Unknown EMS Scene Arrival Minutes,99,Unknown,99,Unknown EMS Hospital Arrival Time,1
48,Texas,482438,0,0,6,6,0,7,7,453,TRAVIS (453),330,AUSTIN,8,August,22,22,2,Monday,2022,5,5:00am-5:59am,2,2,SR-71,COVERED BRIDGE DR,3,State Highway,2,Urban,3,Principal Arterial - Other,98,Not Reported,1,This section IS ON the NHS,0,No Special Jurisdiction,199,199,30.25005,30.25005,-97.89478056,-97.89478056,12,Motor Vehicle In-Transport,1,Front-to-Rear,0,No,3,Intersection-Related,2,Four-Way Intersection,1,On Roadway,0,None,3,Dark - Lighted,10,Cloudy,0,No,0000000,Not Applicable,99,Unknown,99,Unknown,99,Unknown EMS Scene Arrival Hour,99,Unknown EMS Scene Arrival Minutes,88,Not Applicable (Not Transported),88,Not Applicable (Not Transported),1
48,Texas,482439,0,0,1,1,0,1,1,135,ECTOR (135),5030,ODESSA,8,August,25,25,5,Thursday,2022,22,10:00pm-10:59pm,53,53,EAST RIDGE RD,NA,6,Local Street - Municipality,2,Urban,5,Major Collector,98,Not Reported,0,This section IS NOT on the NHS,0,No Special Jurisdiction,0,None,31.90056667,31.90056667,-102.29391111,-102.29391111,59,Traffic Sign Support,0,The First Harmful Event was Not a Collision with a Motor Vehicle in Transport,0,No,1,Non-Junction,1,Not an Intersection,4,On Roadside,0,None,3,Dark - Lighted,1,Clear,0,No,0000000,Not Applicable,99,Unknown,98,Unknown if Notified,99,Unknown EMS Scene Arrival Hour,98,Unknown if Arrived,88,Not Applicable (Not Transported),88,Not Applicable (Not Transported),1
48,Texas,482440,0,0,1,1,0,1,1,201,HARRIS (201),3280,HOUSTON,8,August,18,18,5,Thursday,2022,13,1:00pm-1:59pm,24,24,SR-288/SOUTH FWY,NA,3,State Highway,2,Urban,2,Principal Arterial - Other Freeways and Expressways,98,Not Reported,1,This section IS ON the NHS,0,No Special Jurisdiction,36,36,29.70534722,29.70534722,-95.37479722,-95.37479722,35,Embankment,0,The First Harmful Event was Not a Collision with a Motor Vehicle in Transport,0,No,1,Non-Junction,1,Not an Intersection,4,On Roadside,0,None,1,Daylight,10,Cloudy,0,No,0000000,Not Applicable,99,Unknown,99,Unknown,99,Unknown EMS Scene Arrival Hour,99,Unknown EMS Scene Arrival Minutes,99,Unknown,99,Unknown EMS Hospital Arrival Time,1
48,Texas,482441,0,0,1,1,0,1,1,299,LLANO (299),0,NOT APPLICABLE,8,August,6,6,7,Saturday,2022,14,2:00pm-2:59pm,21,21,FM 1431,NA,8,Other,2,Urban,5,Major Collector,98,Not Reported,0,This section IS NOT on the NHS,0,No Special Jurisdiction,70,70,30.70400833,30.70400833,-98.46558333,-98.46558333,1,Rollover/Overturn,0,The First Harmful Event was Not a Collision with a Motor Vehicle in Transport,0,No,1,Non-Junction,1,Not an Intersection,1,On Roadway,0,None,1,Daylight,1,Clear,0,No,0000000,Not Applicable,99,Unknown,98,Unknown if Notified,99,Unknown EMS Scene Arrival Hour,98,Unknown if Arrived,88,Not Applicable (Not Transported),88,Not Applicable (Not Transported),1
48,Texas,482442,0,0,5,5,0,10,10,201,HARRIS (201),0,NOT APPLICABLE,8,August,27,27,7,Saturday,2022,18,6:00pm-6:59pm,9,9,FM 2100,NA,8,Other,2,Urban,5,Major Collector,98,Not Reported,0,This section IS NOT on the NHS,0,No Special Jurisdiction,104,104,30.02889444,30.02889444,-95.08828333,-95.08828333,12,Motor Vehicle In-Transport,1,Front-to-Rear,0,No,8,Driveway Access Related,1,Not an Intersection,1,On Roadway,0,None,1,Daylight,1,Clear,0,No,0000000,Not Applicable,99,Unknown,99,Unknown,99,Unknown EMS Scene Arrival Hour,99,Unknown EMS Scene Arrival Minutes,99,Unknown,99,Unknown EMS Hospital Arrival Time,1
48,Texas,482443,0,0,1,1,0,1,1,303,LUBBOCK (303),4140,LUBBOCK,8,August,21,21,1,Sunday,2022,1,1:00am-1:59am,16,16,I-27,34TH ST,7,Local Street - Frontage Road,2,Urban,5,Major Collector,1,State Highway Agency,0,This section IS NOT on the NHS,0,No Special Jurisdiction,48,48,33.56348056,33.56348056,-101.84573056,-101.84573056,46,Traffic Signal Support,0,The First Harmful Event was Not a Collision with a Motor Vehicle in Transport,1,Yes,3,Intersection-Related,2,Four-Way Intersection,12,Pedestrian Refuge Island or Traffic Island,1,Construction,3,Dark - Lighted,2,Rain,0,No,0000000,Not Applicable,99,Unknown,98,Unknown if Notified,99,Unknown EMS Scene Arrival Hour,98,Unknown if Arrived,88,Not Applicable (Not Transported),88,Not Applicable (Not Transported),1
48,Texas,482444,0,0,4,4,0,4,4,41,BRAZOS (41),0,NOT APPLICABLE,8,August,22,22,2,Monday,2022,15,3:00pm-3:59pm,11,11,SR-6,NA,3,State Highway,1,Rural,2,Principal Arterial - Other Freeways and Expressways,98,Not Reported,1,This section IS ON the NHS,0,No Special Jurisdiction,246,246,30.43116389,30.43116389,-96.11805833,-96.11805833,12,Motor Vehicle In-Transport,7,Sideswipe - Same Direction,0,No,1,Non-Junction,1,Not an Intersection,1,On Roadway,1,Construction,1,Daylight,10,Cloudy,0,No,0000000,Not Applicable,99,Unknown,99,Unknown,99,Unknown EMS Scene Arrival Hour,99,Unknown EMS Scene Arrival Minutes,99,Unknown,99,Unknown EMS Hospital Arrival Time,1
48,Texas,482445,0,0,1,1,0,1,1,141,EL PASO (141),2190,EL PASO,8,August,28,28,1,Sunday,2022,9,9:00am-9:59am,41,41,I-10/GATEWAY,NA,1,Interstate,2,Urban,1,Interstate,1,State Highway Agency,1,This section IS ON the NHS,0,No Special Jurisdiction,293,293,31.75693056,31.75693056,-106.35307778,-106.35307778,39,Wall,0,The First Harmful Event was Not a Collision with a Motor Vehicle in Transport,0,No,1,Non-Junction,1,Not an Intersection,4,On Roadside,0,None,1,Daylight,1,Clear,0,No,0000000,Not Applicable,99,Unknown,99,Unknown,99,Unknown EMS Scene Arrival Hour,99,Unknown EMS Scene Arrival Minutes,99,Unknown,99,Unknown EMS Hospital Arrival Time,1
48,Texas,482446,0,0,1,1,0,3,3,439,TARRANT (439),2450,FORT WORTH,8,August,27,27,7,Saturday,2022,23,11:00pm-11:59pm,37,37,STALCUP RD,BERRY ST,6,Local Street - Municipality,2,Urban,5,Major Collector,98,Not Reported,0,This section IS NOT on the NHS,0,No Special Jurisdiction,0,None,32.70919722,32.70919722,-97.237825,-97.237825,42,Tree (Standing Only),0,The First Harmful Event was Not a Collision with a Motor Vehicle in Transport,0,No,3,Intersection-Related,2,Four-Way Intersection,4,On Roadside,0,None,2,Dark - Not Lighted,1,Clear,0,No,0000000,Not Applicable,99,Unknown,99,Unknown,99,Unknown EMS Scene Arrival Hour,99,Unknown EMS Scene Arrival Minutes,99,Unknown,99,Unknown EMS Hospital Arrival Time,1
48,Texas,482447,0,0,2,2,0,2,2,341,MOORE (341),0,NOT APPLICABLE,8,August,15,15,2,Monday,2022,0,0:00am-0:59am,34,34,US-87,FM 2589/CO RD 8,2,US Highway,1,Rural,3,Principal Arterial - Other,98,Not Reported,1,This section IS ON the NHS,0,No Special Jurisdiction,82,82,35.86575,35.86575,-102.034875,-102.034875,12,Motor Vehicle In-Transport,6,Angle,0,No,2,Intersection,2,Four-Way Intersection,1,On Roadway,0,None,2,Dark - Not Lighted,1,Clear,0,No,0000000,Not Applicable,99,Unknown,99,Unknown,99,Unknown EMS Scene Arrival Hour,99,Unknown EMS Scene Arrival Minutes,99,Unknown,99,Unknown EMS Hospital Arrival Time,1
48,Texas,482448,0,0,2,2,0,3,3,161,FREESTONE (161),0,NOT APPLICABLE,8,August,21,21,1,Sunday,2022,10,10:00am-10:59am,29,29,US-84,FM 489,2,US Highway,1,Rural,4,Minor Arterial,98,Not Reported,0,This section IS NOT on the NHS,0,No Special Jurisdiction,329,329,31.67103333,31.67103333,-95.95534167,-95.95534167,12,Motor Vehicle In-Transport,2,Front-to-Front,0,No,2,Intersection,2,Four-Way Intersection,1,On Roadway,0,None,1,Daylight,1,Clear,0,No,0000000,Not Applicable,99,Unknown,99,Unknown,99,Unknown EMS Scene Arrival Hour,99,Unknown EMS Scene Arrival Minutes,99,Unknown,99,Unknown EMS Hospital Arrival Time,1
48,Texas,482449,0,0,1,1,0,1,1,141,EL PASO (141),2190,EL PASO,4,April,18,18,2,Monday,2022,3,3:00am-3:59am,11,11,PIEDRAS ST,NA,6,Local Street - Municipality,2,Urban,4,Minor Arterial,98,Not Reported,0,This section IS NOT on the NHS,0,No Special Jurisdiction,0,None,31.77627222,31.77627222,-106.461275,-106.461275,25,Concrete Traffic Barrier,0,The First Harmful Event was Not a Collision with a Motor Vehicle in Transport,1,Yes,19,Other location within Interchange Area,1,Not an Intersection,3,On Median,0,None,3,Dark - Lighted,1,Clear,0,No,0000000,Not Applicable,99,Unknown,99,Unknown,99,Unknown EMS Scene Arrival Hour,99,Unknown EMS Scene Arrival Minutes,99,Unknown,99,Unknown EMS Hospital Arrival Time,1
48,Texas,482450,0,0,2,2,0,3,3,85,COLLIN (85),200,ANNA,7,July,11,11,2,Monday,2022,19,7:00pm-7:59pm,26,26,SR-121/SAM RAYBURN HWY,NA,3,State Highway,1,Rural,3,Principal Arterial - Other,98,Not Reported,1,This section IS ON the NHS,0,No Special Jurisdiction,76,76,33.33489444,33.33489444,-96.47837222,-96.47837222,12,Motor Vehicle In-Transport,6,Angle,0,No,1,Non-Junction,1,Not an Intersection,1,On Roadway,1,Construction,1,Daylight,1,Clear,0,No,0000000,Not Applicable,99,Unknown,99,Unknown,99,Unknown EMS Scene Arrival Hour,99,Unknown EMS Scene Arrival Minutes,99,Unknown,99,Unknown EMS Hospital Arrival Time,1
48,Texas,482451,0,0,2,2,0,3,3,113,DALLAS (113),1730,DALLAS,8,August,23,23,3,Tuesday,2022,15,3:00pm-3:59pm,59,59,BELT LINE RD,MEANDERING WAY,6,Local Street - Municipality,2,Urban,3,Principal Arterial - Other,98,Not Reported,0,This section IS NOT on the NHS,0,No Special Jurisdiction,0,None,32.95048056,32.95048056,-96.77861111,-96.77861111,12,Motor Vehicle In-Transport,2,Front-to-Front,0,No,2,Intersection,2,Four-Way Intersection,1,On Roadway,0,None,1,Daylight,1,Clear,0,No,0000000,Not Applicable,99,Unknown,99,Unknown,99,Unknown EMS Scene Arrival Hour,99,Unknown EMS Scene Arrival Minutes,99,Unknown,99,Unknown EMS Hospital Arrival Time,1
48,Texas,482452,0,0,1,1,0,2,2,215,HIDALGO (215),0,NOT APPLICABLE,8,August,28,28,1,Sunday,2022,0,0:00am-0:59am,5,5,CR-ABRAM RD,NA,4,County Road,2,Urban,7,Local,98,Not Reported,0,This section IS NOT on the NHS,0,No Special Jurisdiction,0,None,26.30869722,26.30869722,-98.38617778,-98.38617778,1,Rollover/Overturn,0,The First Harmful Event was Not a Collision with a Motor Vehicle in Transport,0,No,1,Non-Junction,1,Not an Intersection,1,On Roadway,0,None,2,Dark - Not Lighted,1,Clear,0,No,0000000,Not Applicable,99,Unknown,99,Unknown,99,Unknown EMS Scene Arrival Hour,99,Unknown EMS Scene Arrival Minutes,99,Unknown,99,Unknown EMS Hospital Arrival Time,1
48,Texas,482453,1,1,2,2,0,2,2,201,HARRIS (201),0,NOT APPLICABLE,8,August,28,28,1,Sunday,2022,16,4:00pm-4:59pm,4,4,US-290,NA,2,US Highway,1,Rural,2,Principal Arterial - Other Freeways and Expressways,98,Not Reported,1,This section IS ON the NHS,0,No Special Jurisdiction,0,None,30.04470556,30.04470556,-95.86946111,-95.86946111,12,Motor Vehicle In-Transport,1,Front-to-Rear,1,Yes,20,Entrance/Exit Ramp,1,Not an Intersection,1,On Roadway,0,None,1,Daylight,1,Clear,0,No,0000000,Not Applicable,99,Unknown,99,Unknown,99,Unknown EMS Scene Arrival Hour,99,Unknown EMS Scene Arrival Minutes,88,Not Applicable (Not Transported),88,Not Applicable (Not Transported),1
48,Texas,482454,1,1,1,1,0,1,1,163,FRIO (163),0,NOT APPLICABLE,8,August,23,23,3,Tuesday,2022,22,10:00pm-10:59pm,24,24,I-35/PURPLE HEART TRAIL,NA,1,Interstate,1,Rural,1,Interstate,1,State Highway Agency,1,This section IS ON the NHS,0,No Special Jurisdiction,264,264,29.00149722,29.00149722,-99.06114167,-99.06114167,8,Pedestrian,0,The First Harmful Event was Not a Collision with a Motor Vehicle in Transport,0,No,1,Non-Junction,1,Not an Intersection,1,On Roadway,0,None,2,Dark - Not Lighted,1,Clear,0,No,0000000,Not Applicable,99,Unknown,98,Unknown if Notified,99,Unknown EMS Scene Arrival Hour,98,Unknown if Arrived,88,Not Applicable (Not Transported),88,Not Applicable (Not Transported),1
48,Texas,482455,0,0,1,1,0,1,1,1,ANDERSON (1),0,NOT APPLICABLE,8,August,28,28,1,Sunday,2022,2,2:00am-2:59am,46,46,FM 323,NA,8,Other,1,Rural,5,Major Collector,98,Not Reported,0,This section IS NOT on the NHS,0,No Special Jurisdiction,99998,Not Reported,31.740925,31.740925,-95.58849444,-95.58849444,42,Tree (Standing Only),0,The First Harmful Event was Not a Collision with a Motor Vehicle in Transport,0,No,1,Non-Junction,1,Not an Intersection,5,Outside Trafficway,0,None,2,Dark - Not Lighted,10,Cloudy,0,No,0000000,Not Applicable,99,Unknown,98,Unknown if Notified,99,Unknown EMS Scene Arrival Hour,98,Unknown if Arrived,88,Not Applicable (Not Transported),88,Not Applicable (Not Transported),1
48,Texas,482456,0,0,2,2,0,2,2,121,DENTON (121),1840,DENTON,8,August,27,27,7,Saturday,2022,15,3:00pm-3:59pm,45,45,US-77/DALLAS DR,RIO GRANDE BLVD,2,US Highway,2,Urban,4,Minor Arterial,1,State Highway Agency,0,This section IS NOT on the NHS,0,No Special Jurisdiction,266,266,33.19445,33.19445,-97.118275,-97.118275,12,Motor Vehicle In-Transport,6,Angle,0,No,2,Intersection,3,T-Intersection,1,On Roadway,0,None,1,Daylight,1,Clear,0,No,0000000,Not Applicable,99,Unknown,99,Unknown,99,Unknown EMS Scene Arrival Hour,99,Unknown EMS Scene Arrival Minutes,99,Unknown,99,Unknown EMS Hospital Arrival Time,1
48,Texas,482457,0,0,2,2,0,2,2,113,DALLAS (113),7520,WILMER,8,August,28,28,1,Sunday,2022,3,3:00am-3:59am,15,15,I-45,NA,1,Interstate,2,Urban,1,Interstate,1,State Highway Agency,1,This section IS ON the NHS,0,No Special Jurisdiction,6,6,32.55432778,32.55432778,-96.66243611,-96.66243611,12,Motor Vehicle In-Transport,2,Front-to-Front,0,No,1,Non-Junction,1,Not an Intersection,1,On Roadway,0,None,2,Dark - Not Lighted,1,Clear,0,No,0000000,Not Applicable,99,Unknown,99,Unknown,99,Unknown EMS Scene Arrival Hour,99,Unknown EMS Scene Arrival Minutes,88,Not Applicable (Not Transported),88,Not Applicable (Not Transported),1
48,Texas,482458,0,0,2,2,0,3,3,201,HARRIS (201),0,NOT APPLICABLE,8,August,11,11,5,Thursday,2022,10,10:00am-10:59am,35,35,CR-SMITH RD,NA,4,County Road,2,Urban,5,Major Collector,98,Not Reported,0,This section IS NOT on the NHS,0,No Special Jurisdiction,0,None,29.93321389,29.93321389,-95.28764444,-95.28764444,12,Motor Vehicle In-Transport,6,Angle,0,No,1,Non-Junction,1,Not an Intersection,1,On Roadway,3,Utility,1,Daylight,1,Clear,0,No,0000000,Not Applicable,10,10:00am-10:59am,40,40,10,10:00am-10:59am,44,44,11,11:00am-11:59am,11,11,1
48,Texas,482459,0,0,1,1,0,1,1,293,LIMESTONE (293),0,NOT APPLICABLE,8,August,27,27,7,Saturday,2022,20,8:00pm-8:59pm,44,44,FM 1245,NA,8,Other,1,Rural,6,Minor Collector,98,Not Reported,0,This section IS NOT on the NHS,0,No Special Jurisdiction,220,220,31.53371111,31.53371111,-96.50185,-96.50185,32,Culvert,0,The First Harmful Event was Not a Collision with a Motor Vehicle in Transport,0,No,1,Non-Junction,1,Not an Intersection,4,On Roadside,0,None,2,Dark - Not Lighted,1,Clear,0,No,0000000,Not Applicable,99,Unknown,98,Unknown if Notified,99,Unknown EMS Scene Arrival Hour,98,Unknown if Arrived,88,Not Applicable (Not Transported),88,Not Applicable (Not Transported),1