STATE,STATENAME,ST_CASE,PEDS,PERNOTMVIT,VE_TOTAL,VE_FORMS,PVH_INVL,PERSONS,PERMVIT,COUNTY,COUNTYNAME,CITY,CITYNAME,MONTH,MONTHNAME,DAY,DAYNAME,DAY_WEEK,DAY_WEEKNAME,YEAR,HOUR,HOURNAME,MINUTE,MINUTENAME,TWAY_ID,TWAY_ID2,ROUTE,ROUTENAME,RUR_URB,RUR_URBNAME,FUNC_SYS,FUNC_SYSNAME,RD_OWNER,RD_OWNERNAME,NHS,NHSNAME,SP_JUR,SP_JURNAME,MILEPT,MILEPTNAME,LATITUDE,LATITUDENAME,LONGITUD,LONGITUDNAME,HARM_EV,HARM_EVNAME,MAN_COLL,MAN_COLLNAME,RELJCT1,RELJCT1NAME,RELJCT2,RELJCT2NAME,TYP_INT,TYP_INTNAME,REL_ROAD,REL_ROADNAME,WRK_ZONE,WRK_ZONENAME,LGT_COND,LGT_CONDNAME,WEATHER,WEATHERNAME,SCH_BUS,SCH_BUSNAME,RAIL,RAILNAME,NOT_HOUR,NOT_HOURNAME,NOT_MIN,NOT_MINNAME,ARR_HOUR,ARR_HOURNAME,ARR_MIN,ARR_MINNAME,HOSP_HR,HOSP_HRNAME,HOSP_MN,HOSP_MNNAME,FATALS
48,Texas,482905,1,1,3,3,0,3,3,439,TARRANT (439),2450,FORT WORTH,9,September,30,30,6,Friday,2022,20,8:00pm-8:59pm,1,1,SYCAMORE SCHOOL RD,NA,6,Local Street - Municipality,2,Urban,5,Major Collector,98,Not Reported,0,This section IS NOT on the NHS,0,No Special Jurisdiction,0,None,32.63519444,32.63519444,-97.3325,-97.3325,9,Pedalcyclist,0,The First Harmful Event was Not a Collision with a Motor Vehicle in Transport,0,No,1,Non-Junction,1,Not an Intersection,1,On Roadway,0,None,2,Dark - Not Lighted,1,Clear,0,No,0000000,Not Applicable,99,Unknown,98,Unknown if Notified,99,Unknown EMS Scene Arrival Hour,98,Unknown if Arrived,88,Not Applicable (Not Transported),88,Not Applicable (Not Transported),1
48,Texas,482906,0,0,3,3,0,4,4,201,HARRIS (201),480,BAYTOWN,9,September,18,18,1,Sunday,2022,2,2:00am-2:59am,48,48,I-10,NA,1,Interstate,2,Urban,1,Interstate,1,State Highway Agency,1,This section IS ON the NHS,0,No Special Jurisdiction,249,249,29.80793611,29.80793611,-94.96564167,-94.96564167,12,Motor Vehicle In-Transport,2,Front-to-Front,0,No,1,Non-Junction,1,Not an Intersection,1,On Roadway,0,None,2,Dark - Not Lighted,1,Clear,0,No,0000000,Not Applicable,99,Unknown,99,Unknown,99,Unknown EMS Scene Arrival Hour,99,Unknown EMS Scene Arrival Minutes,99,Unknown,99,Unknown EMS Hospital Arrival Time,1
48,Texas,482907,0,0,1,1,0,1,1,145,FALLS (145),0,NOT APPLICABLE,9,September,11,11,1,Sunday,2022,6,6:00am-6:59am,19,19,FM 147,NA,8,Other,1,Rural,5,Major Collector,98,Not Reported,0,This section IS NOT on the NHS,0,No Special Jurisdiction,101,101,31.38437222,31.38437222,-96.76187222,-96.76187222,38,Fence,0,The First Harmful Event was Not a Collision with a Motor Vehicle in Transport,0,No,1,Non-Junction,1,Not an Intersection,5,Outside Trafficway,0,None,2,Dark - Not Lighted,1,Clear,0,No,0000000,Not Applicable,99,Unknown,98,Unknown if Notified,99,Unknown EMS Scene Arrival Hour,98,Unknown if Arrived,88,Not Applicable (Not Transported),88,Not Applicable (Not Transported),1
48,Texas,482908,0,0,2,2,0,2,2,85,COLLIN (85),5390,PLANO,10,October,3,3,2,Monday,2022,5,5:00am-5:59am,11,11,SR-289,SR-121,7,Local Street - Frontage Road,2,Urban,5,Major Collector,98,Not Reported,0,This section IS NOT on the NHS,0,No Special Jurisdiction,234,234,33.09628611,33.09628611,-96.80593333,-96.80593333,12,Motor Vehicle In-Transport,6,Angle,0,No,2,Intersection,2,Four-Way Intersection,1,On Roadway,0,None,2,Dark - Not Lighted,1,Clear,0,No,0000000,Not Applicable,99,Unknown,99,Unknown,99,Unknown EMS Scene Arrival Hour,99,Unknown EMS Scene Arrival Minutes,99,Unknown,99,Unknown EMS Hospital Arrival Time,1
48,Texas,482909,0,0,1,1,0,1,1,201,HARRIS (201),0,NOT APPLICABLE,10,October,2,2,1,Sunday,2022,19,7:00pm-7:59pm,17,17,I-45/NORTH FWY RAMP,NA,1,Interstate,2,Urban,1,Interstate,1,State Highway Agency,1,This section IS ON the NHS,0,No Special Jurisdiction,380,380,29.95321111,29.95321111,-95.41759167,-95.41759167,43,Other Fixed Object,0,The First Harmful Event was Not a Collision with a Motor Vehicle in Transport,1,Yes,5,Entrance/Exit Ramp Related,1,Not an Intersection,8,Gore,0,None,1,Daylight,1,Clear,0,No,0000000,Not Applicable,99,Unknown,98,Unknown if Notified,99,Unknown EMS Scene Arrival Hour,98,Unknown if Arrived,88,Not Applicable (Not Transported),88,Not Applicable (Not Transported),1
48,Texas,482910,1,1,1,1,0,1,1,183,GREGG (183),4080,LONGVIEW,10,October,4,4,3,Tuesday,2022,4,4:00am-4:59am,45,45,COTTON ST,NA,6,Local Street - Municipality,2,Urban,4,Minor Arterial,98,Not Reported,0,This section IS NOT on the NHS,0,No Special Jurisdiction,0,None,32.492,32.492,-94.70273889,-94.70273889,15,Non-Motorist on Personal Conveyance,0,The First Harmful Event was Not a Collision with a Motor Vehicle in Transport,0,No,1,Non-Junction,1,Not an Intersection,1,On Roadway,0,None,2,Dark - Not Lighted,1,Clear,0,No,0000000,Not Applicable,99,Unknown,98,Unknown if Notified,99,Unknown EMS Scene Arrival Hour,98,Unknown if Arrived,88,Not Applicable (Not Transported),88,Not Applicable (Not Transported),1
48,Texas,482911,0,0,2,2,0,6,6,209,HAYS (209),0,NOT APPLICABLE,9,September,20,20,3,Tuesday,2022,10,10:00am-10:59am,16,16,FM 621,FM 110,8,Other,2,Urban,5,Major Collector,98,Not Reported,0,This section IS NOT on the NHS,0,No Special Jurisdiction,145,145,29.83566944,29.83566944,-97.90515556,-97.90515556,12,Motor Vehicle In-Transport,6,Angle,0,No,2,Intersection,2,Four-Way Intersection,1,On Roadway,0,None,1,Daylight,1,Clear,0,No,0000000,Not Applicable,99,Unknown,99,Unknown,99,Unknown EMS Scene Arrival Hour,99,Unknown EMS Scene Arrival Minutes,99,Unknown,99,Unknown EMS Hospital Arrival Time,1
48,Texas,482912,0,0,2,2,0,2,2,423,SMITH (423),0,NOT APPLICABLE,9,September,24,24,7,Saturday,2022,2,2:00am-2:59am,29,29,SR-155,NA,3,State Highway,1,Rural,4,Minor Arterial,98,Not Reported,0,This section IS NOT on the NHS,0,No Special Jurisdiction,43,43,32.50626389,32.50626389,-95.16785278,-95.16785278,12,Motor Vehicle In-Transport,2,Front-to-Front,0,No,1,Non-Junction,1,Not an Intersection,1,On Roadway,0,None,2,Dark - Not Lighted,1,Clear,0,No,0000000,Not Applicable,99,Unknown,99,Unknown,99,Unknown EMS Scene Arrival Hour,99,Unknown EMS Scene Arrival Minutes,99,Unknown,99,Unknown EMS Hospital Arrival Time,1
48,Texas,482913,0,0,2,2,0,6,6,201,HARRIS (201),0,NOT APPLICABLE,9,September,25,25,1,Sunday,2022,11,11:00am-11:59am,4,4,FM 2920,CR-KICKAPOO RD,8,Other,1,Rural,3,Principal Arterial - Other,98,Not Reported,0,This section IS NOT on the NHS,0,No Special Jurisdiction,29,29,30.06563333,30.06563333,-95.87442222,-95.87442222,12,Motor Vehicle In-Transport,6,Angle,0,No,2,Intersection,2,Four-Way Intersection,1,On Roadway,0,None,1,Daylight,1,Clear,0,No,0000000,Not Applicable,99,Unknown,99,Unknown,99,Unknown EMS Scene Arrival Hour,99,Unknown EMS Scene Arrival Minutes,99,Unknown,99,Unknown EMS Hospital Arrival Time,3
48,Texas,482914,0,0,1,1,0,1,1,467,VAN ZANDT (467),0,NOT APPLICABLE,9,September,24,24,7,Saturday,2022,17,5:00pm-5:59pm,51,51,FM 1255,NA,8,Other,1,Rural,5,Major Collector,98,Not Reported,0,This section IS NOT on the NHS,0,No Special Jurisdiction,22,22,32.547475,32.547475,-95.83299722,-95.83299722,38,Fence,0,The First Harmful Event was Not a Collision with a Motor Vehicle in Transport,0,No,1,Non-Junction,1,Not an Intersection,5,Outside Trafficway,0,None,1,Daylight,1,Clear,0,No,0000000,Not Applicable,99,Unknown,99,Unknown,99,Unknown EMS Scene Arrival Hour,99,Unknown EMS Scene Arrival Minutes,99,Unknown,99,Unknown EMS Hospital Arrival Time,1
48,Texas,482915,0,0,1,1,0,6,6,271,KINNEY (271),0,NOT APPLICABLE,10,October,2,2,1,Sunday,2022,12,12:00pm-12:59pm,28,28,SR-131,NA,3,State Highway,1,Rural,5,Major Collector,98,Not Reported,0,This section IS NOT on the NHS,0,No Special Jurisdiction,36,36,29.25409444,29.25409444,-100.40743056,-100.40743056,1,Rollover/Overturn,0,The First Harmful Event was Not a Collision with a Motor Vehicle in Transport,0,No,1,Non-Junction,1,Not an Intersection,4,On Roadside,0,None,1,Daylight,1,Clear,0,No,0000000,Not Applicable,99,Unknown,99,Unknown,99,Unknown EMS Scene Arrival Hour,99,Unknown EMS Scene Arrival Minutes,99,Unknown,99,Unknown EMS Hospital Arrival Time,3
48,Texas,482916,1,1,1,1,0,4,4,201,HARRIS (201),3280,HOUSTON,9,September,26,26,2,Monday,2022,1,1:00am-1:59am,25,25,CLEARWOOD DR,MELDRUM LN,6,Local Street - Municipality,2,Urban,4,Minor Arterial,98,Not Reported,0,This section IS NOT on the NHS,0,No Special Jurisdiction,0,None,29.63457222,29.63457222,-95.24636667,-95.24636667,8,Pedestrian,0,The First Harmful Event was Not a Collision with a Motor Vehicle in Transport,0,No,3,Intersection-Related,3,T-Intersection,1,On Roadway,0,None,3,Dark - Lighted,1,Clear,0,No,0000000,Not Applicable,99,Unknown,98,Unknown if Notified,99,Unknown EMS Scene Arrival Hour,98,Unknown if Arrived,88,Not Applicable (Not Transported),88,Not Applicable (Not Transported),1
48,Texas,482917,0,0,2,2,0,2,2,27,BELL (27),3027,HARKER HEIGHTS,9,September,23,23,6,Friday,2022,21,9:00pm-9:59pm,12,12,I-14/CENTRAL TEXAS EXPY,NA,1,Interstate,2,Urban,1,Interstate,1,State Highway Agency,1,This section IS ON the NHS,0,No Special Jurisdiction,113,113,31.07791389,31.07791389,-97.65102778,-97.65102778,12,Motor Vehicle In-Transport,1,Front-to-Rear,0,No,1,Non-Junction,1,Not an Intersection,1,On Roadway,1,Construction,3,Dark - Lighted,1,Clear,0,No,0000000,Not Applicable,99,Unknown,99,Unknown,99,Unknown EMS Scene Arrival Hour,99,Unknown EMS Scene Arrival Minutes,99,Unknown,99,Unknown EMS Hospital Arrival Time,1
48,Texas,482918,0,0,2,1,1,1,1,215,HIDALGO (215),0,NOT APPLICABLE,7,July,2,2,7,Saturday,2022,3,3:00am-3:59am,30,30,CR-TOWER RD,NA,4,County Road,2,Urban,7,Local,98,Not Reported,0,This section IS NOT on the NHS,0,No Special Jurisdiction,0,None,26.25487222,26.25487222,-98.09891111,-98.09891111,38,Fence,0,The First Harmful Event was Not a Collision with a Motor Vehicle in Transport,0,No,1,Non-Junction,1,Not an Intersection,5,Outside Trafficway,0,None,3,Dark - Lighted,1,Clear,0,No,0000000,Not Applicable,99,Unknown,98,Unknown if Notified,99,Unknown EMS Scene Arrival Hour,98,Unknown if Arrived,88,Not Applicable (Not Transported),88,Not Applicable (Not Transported),1
48,Texas,482919,0,0,3,3,0,5,5,423,SMITH (423),7070,TYLER,10,October,2,2,1,Sunday,2022,20,8:00pm-8:59pm,24,24,SR-64/ERWIN ST,NA,3,State Highway,2,Urban,3,Principal Arterial - Other,98,Not Reported,1,This section IS ON the NHS,0,No Special Jurisdiction,75,75,32.35503333,32.35503333,-95.34990556,-95.34990556,12,Motor Vehicle In-Transport,2,Front-to-Front,0,No,1,Non-Junction,1,Not an Intersection,1,On Roadway,0,None,2,Dark - Not Lighted,1,Clear,0,No,0000000,Not Applicable,99,Unknown,99,Unknown,99,Unknown EMS Scene Arrival Hour,99,Unknown EMS Scene Arrival Minutes,99,Unknown,99,Unknown EMS Hospital Arrival Time,1
48,Texas,482920,0,0,3,3,0,3,3,83,COLEMAN (83),0,NOT APPLICABLE,9,September,24,24,7,Saturday,2022,16,4:00pm-4:59pm,35,35,US-84,NA,2,US Highway,1,Rural,3,Principal Arterial - Other,98,Not Reported,1,This section IS ON the NHS,0,No Special Jurisdiction,61,61,31.80771944,31.80771944,-99.39444444,-99.39444444,12,Motor Vehicle In-Transport,2,Front-to-Front,0,No,1,Non-Junction,1,Not an Intersection,1,On Roadway,0,None,1,Daylight,1,Clear,0,No,0000000,Not Applicable,99,Unknown,99,Unknown,99,Unknown EMS Scene Arrival Hour,99,Unknown EMS Scene Arrival Minutes,99,Unknown,99,Unknown EMS Hospital Arrival Time,2
48,Texas,482921,0,0,2,2,0,2,2,279,LAMB (279),0,NOT APPLICABLE,9,September,28,28,4,Wednesday,2022,6,6:00am-6:59am,38,38,FM 54,NA,8,Other,1,Rural,5,Major Collector,98,Not Reported,0,This section IS NOT on the NHS,0,No Special Jurisdiction,31,31,33.91712222,33.91712222,-102.26551111,-102.26551111,12,Motor Vehicle In-Transport,6,Angle,0,No,1,Non-Junction,1,Not an Intersection,1,On Roadway,0,None,2,Dark - Not Lighted,1,Clear,0,No,0000000,Not Applicable,99,Unknown,99,Unknown,99,Unknown EMS Scene Arrival Hour,99,Unknown EMS Scene Arrival Minutes,88,Not Applicable (Not Transported),88,Not Applicable (Not Transported),1
48,Texas,482922,1,1,1,1,0,1,1,303,LUBBOCK (303),0,NOT APPLICABLE,9,September,29,29,5,Thursday,2022,21,9:00pm-9:59pm,58,58,SR-114/LEVELLAND HWY,NA,3,State Highway,2,Urban,4,Minor Arterial,98,Not Reported,0,This section IS NOT on the NHS,0,No Special Jurisdiction,75,75,33.57781667,33.57781667,-102.03831389,-102.03831389,8,Pedestrian,0,The First Harmful Event was Not a Collision with a Motor Vehicle in Transport,0,No,1,Non-Junction,1,Not an Intersection,1,On Roadway,0,None,2,Dark - Not Lighted,1,Clear,0,No,0000000,Not Applicable,99,Unknown,98,Unknown if Notified,99,Unknown EMS Scene Arrival Hour,98,Unknown if Arrived,88,Not Applicable (Not Transported),88,Not Applicable (Not Transported),1
48,Texas,482923,1,1,1,1,0,2,2,65,CARSON (65),0,NOT APPLICABLE,8,August,28,28,1,Sunday,2022,19,7:00pm-7:59pm,38,38,FM 2575,NA,8,Other,1,Rural,5,Major Collector,98,Not Reported,0,This section IS NOT on the NHS,0,No Special Jurisdiction,13,13,35.22120833,35.22120833,-101.59925,-101.59925,8,Pedestrian,0,The First Harmful Event was Not a Collision with a Motor Vehicle in Transport,0,No,1,Non-Junction,1,Not an Intersection,1,On Roadway,0,None,1,Daylight,1,Clear,0,No,0000000,Not Applicable,99,Unknown,99,Unknown,99,Unknown EMS Scene Arrival Hour,99,Unknown EMS Scene Arrival Minutes,99,Unknown,99,Unknown EMS Hospital Arrival Time,1
48,Texas,482924,0,0,2,2,0,2,2,177,GONZALES (177),0,NOT APPLICABLE,9,September,24,24,7,Saturday,2022,1,1:00am-1:59am,8,8,FM 1117,NA,8,Other,1,Rural,5,Major Collector,98,Not Reported,0,This section IS NOT on the NHS,0,No Special Jurisdiction,52,52,29.3281,29.3281,-97.78796667,-97.78796667,12,Motor Vehicle In-Transport,2,Front-to-Front,0,No,1,Non-Junction,1,Not an Intersection,1,On Roadway,0,None,2,Dark - Not Lighted,1,Clear,0,No,0000000,Not Applicable,99,Unknown,99,Unknown,99,Unknown EMS Scene Arrival Hour,99,Unknown EMS Scene Arrival Minutes,99,Unknown,99,Unknown EMS Hospital Arrival Time,1
48,Texas,482926,0,0,2,2,0,2,2,27,BELL (27),3027,HARKER HEIGHTS,10,October,2,2,1,Sunday,2022,8,8:00am-8:59am,57,57,US-190,NA,2,US Highway,2,Urban,3,Principal Arterial - Other,98,Not Reported,1,This section IS ON the NHS,0,No Special Jurisdiction,81,81,31.08774444,31.08774444,-97.65763333,-97.65763333,12,Motor Vehicle In-Transport,6,Angle,0,No,1,Non-Junction,1,Not an Intersection,1,On Roadway,0,None,1,Daylight,1,Clear,0,No,0000000,Not Applicable,99,Unknown,98,Unknown if Notified,99,Unknown EMS Scene Arrival Hour,98,Unknown if Arrived,88,Not Applicable (Not Transported),88,Not Applicable (Not Transported),1
48,Texas,482927,1,1,1,1,0,1,1,453,TRAVIS (453),330,AUSTIN,9,September,23,23,6,Friday,2022,6,6:00am-6:59am,44,44,I-35 SVRD SB,NA,7,Local Street - Frontage Road,2,Urban,5,Major Collector,98,Not Reported,0,This section IS NOT on the NHS,0,No Special Jurisdiction,263,263,30.37856111,30.37856111,-97.67569444,-97.67569444,8,Pedestrian,0,The First Harmful Event was Not a Collision with a Motor Vehicle in Transport,0,No,1,Non-Junction,1,Not an Intersection,1,On Roadway,0,None,2,Dark - Not Lighted,1,Clear,0,No,0000000,Not Applicable,99,Unknown,98,Unknown if Notified,99,Unknown EMS Scene Arrival Hour,98,Unknown if Arrived,88,Not Applicable (Not Transported),88,Not Applicable (Not Transported),1
48,Texas,482929,1,1,1,1,0,1,1,347,NACOGDOCHES (347),4810,NACOGDOCHES,10,October,4,4,3,Tuesday,2022,2,2:00am-2:59am,58,58,MARTIN LUTHER KING JR BLVD,NA,6,Local Street - Municipality,2,Urban,5,Major Collector,98,Not Reported,0,This section IS NOT on the NHS,0,No Special Jurisdiction,0,None,31.59250833,31.59250833,-94.65137222,-94.65137222,8,Pedestrian,0,The First Harmful Event was Not a Collision with a Motor Vehicle in Transport,0,No,1,Non-Junction,1,Not an Intersection,1,On Roadway,0,None,2,Dark - Not Lighted,1,Clear,0,No,0000000,Not Applicable,99,Unknown,98,Unknown if Notified,99,Unknown EMS Scene Arrival Hour,98,Unknown if Arrived,88,Not Applicable (Not Transported),88,Not Applicable (Not Transported),1
48,Texas,482930,0,0,2,2,0,2,2,85,COLLIN (85),92,ALLEN,9,September,20,20,3,Tuesday,2022,14,2:00pm-2:59pm,57,57,US-75/CENTRAL EXPY,NA,2,US Highway,2,Urban,2,Principal Arterial - Other Freeways and Expressways,98,Not Reported,1,This section IS ON the NHS,0,No Special Jurisdiction,41,41,33.12951111,33.12951111,-96.66000833,-96.66000833,12,Motor Vehicle In-Transport,7,Sideswipe - Same Direction,1,Yes,18,Through Roadway,1,Not an Intersection,1,On Roadway,0,None,1,Daylight,1,Clear,0,No,0000000,Not Applicable,99,Unknown,98,Unknown if Notified,99,Unknown EMS Scene Arrival Hour,98,Unknown if Arrived,88,Not Applicable (Not Transported),88,Not Applicable (Not Transported),1
48,Texas,482931,0,0,1,1,0,1,1,85,COLLIN (85),0,NOT APPLICABLE,9,September,21,21,4,Wednesday,2022,22,10:00pm-10:59pm,35,35,FM 982,NA,8,Other,1,Rural,5,Major Collector,98,Not Reported,0,This section IS NOT on the NHS,0,No Special Jurisdiction,88,88,33.06718333,33.06718333,-96.50412778,-96.50412778,42,Tree (Standing Only),0,The First Harmful Event was Not a Collision with a Motor Vehicle in Transport,0,No,1,Non-Junction,1,Not an Intersection,4,On Roadside,0,None,2,Dark - Not Lighted,1,Clear,0,No,0000000,Not Applicable,99,Unknown,98,Unknown if Notified,99,Unknown EMS Scene Arrival Hour,98,Unknown if Arrived,88,Not Applicable (Not Transported),88,Not Applicable (Not Transported),1
48,Texas,482932,0,0,2,2,0,3,3,99,CORYELL (99),2610,GATESVILLE,9,September,23,23,6,Friday,2022,7,7:00am-7:59am,20,20,SR-36,FM 929/CORYELL CITY RD,3,State Highway,2,Urban,5,Major Collector,98,Not Reported,0,This section IS NOT on the NHS,0,No Special Jurisdiction,140,140,31.47178333,31.47178333,-97.71896667,-97.71896667,12,Motor Vehicle In-Transport,6,Angle,0,No,2,Intersection,2,Four-Way Intersection,1,On Roadway,0,None,1,Daylight,1,Clear,0,No,0000000,Not Applicable,99,Unknown,99,Unknown,99,Unknown EMS Scene Arrival Hour,99,Unknown EMS Scene Arrival Minutes,99,Unknown,99,Unknown EMS Hospital Arrival Time,1
48,Texas,482933,2,2,2,1,1,1,1,229,HUDSPETH (229),0,NOT APPLICABLE,9,September,7,7,4,Wednesday,2022,20,8:00pm-8:59pm,25,25,US-62,NA,2,US Highway,1,Rural,5,Major Collector,98,Not Reported,0,This section IS NOT on the NHS,0,No Special Jurisdiction,137,137,31.84624167,31.84624167,-105.78117778,-105.78117778,8,Pedestrian,0,The First Harmful Event was Not a Collision with a Motor Vehicle in Transport,0,No,1,Non-Junction,1,Not an Intersection,2,On Shoulder,0,None,2,Dark - Not Lighted,1,Clear,0,No,0000000,Not Applicable,99,Unknown,99,Unknown,99,Unknown EMS Scene Arrival Hour,99,Unknown EMS Scene Arrival Minutes,99,Unknown,99,Unknown EMS Hospital Arrival Time,1
48,Texas,482934,0,0,1,1,0,1,1,453,TRAVIS (453),330,AUSTIN,8,August,28,28,1,Sunday,2022,22,10:00pm-10:59pm,20,20,N LAMAR BLVD,W YAGER LN,6,Local Street - Municipality,2,Urban,4,Minor Arterial,98,Not Reported,0,This section IS NOT on the NHS,0,No Special Jurisdiction,17,17,30.40176667,30.40176667,-97.67931389,-97.67931389,46,Traffic Signal Support,0,The First Harmful Event was Not a Collision with a Motor Vehicle in Transport,0,No,3,Intersection-Related,3,T-Intersection,4,On Roadside,0,None,2,Dark - Not Lighted,1,Clear,0,No,0000000,Not Applicable,99,Unknown,99,Unknown,99,Unknown EMS Scene Arrival Hour,99,Unknown EMS Scene Arrival Minutes,99,Unknown,99,Unknown EMS Hospital Arrival Time,1
48,Texas,482935,0,0,3,3,0,5,5,171,GILLESPIE (171),0,NOT APPLICABLE,9,September,27,27,3,Tuesday,2022,15,3:00pm-3:59pm,6,6,US-87,CR-River RD,2,US Highway,1,Rural,3,Principal Arterial - Other,98,Not Reported,1,This section IS ON the NHS,0,No Special Jurisdiction,222,222,30.21871944,30.21871944,-98.86996667,-98.86996667,12,Motor Vehicle In-Transport,1,Front-to-Rear,0,No,3,Intersection-Related,3,T-Intersection,1,On Roadway,0,None,1,Daylight,1,Clear,0,No,0000000,Not Applicable,99,Unknown,99,Unknown,99,Unknown EMS Scene Arrival Hour,99,Unknown EMS Scene Arrival Minutes,99,Unknown,99,Unknown EMS Hospital Arrival Time,2
48,Texas,482936,0,0,1,1,0,1,1,29,BEXAR (29),6090,SAN ANTONIO,9,September,24,24,7,Saturday,2022,5,5:00am-5:59am,20,20,SR-1604 LOOP,NA,3,State Highway,2,Urban,2,Principal Arterial - Other Freeways and Expressways,98,Not Reported,1,This section IS ON the NHS,0,No Special Jurisdiction,302,302,29.60064722,29.60064722,-98.43684444,-98.43684444,1,Rollover/Overturn,0,The First Harmful Event was Not a Collision with a Motor Vehicle in Transport,0,No,1,Non-Junction,1,Not an Intersection,2,On Shoulder,0,None,2,Dark - Not Lighted,1,Clear,0,No,0000000,Not Applicable,99,Unknown,98,Unknown if Notified,99,Unknown EMS Scene Arrival Hour,98,Unknown if Arrived,88,Not Applicable (Not Transported),88,Not Applicable (Not Transported),1
48,Texas,482937,0,0,1,1,0,1,1,291,LIBERTY (291),0,NOT APPLICABLE,9,September,27,27,3,Tuesday,2022,19,7:00pm-7:59pm,2,2,FM 787,NA,8,Other,1,Rural,5,Major Collector,98,Not Reported,0,This section IS NOT on the NHS,0,No Special Jurisdiction,255,255,30.44423611,30.44423611,-94.73546389,-94.73546389,1,Rollover/Overturn,0,The First Harmful Event was Not a Collision with a Motor Vehicle in Transport,0,No,1,Non-Junction,1,Not an Intersection,1,On Roadway,0,None,5,Dusk,1,Clear,0,No,0000000,Not Applicable,99,Unknown,98,Unknown if Notified,99,Unknown EMS Scene Arrival Hour,98,Unknown if Arrived,88,Not Applicable (Not Transported),88,Not Applicable (Not Transported),1
48,Texas,482938,0,0,2,2,0,2,2,329,MIDLAND (329),0,NOT APPLICABLE,9,September,27,27,3,Tuesday,2022,5,5:00am-5:59am,50,50,I-20,NA,7,Local Street - Frontage Road,2,Urban,5,Major Collector,1,State Highway Agency,0,This section IS NOT on the NHS,0,No Special Jurisdiction,85,85,31.95001111,31.95001111,-102.16407778,-102.16407778,12,Motor Vehicle In-Transport,6,Angle,0,No,8,Driveway Access Related,1,Not an Intersection,1,On Roadway,0,None,2,Dark - Not Lighted,1,Clear,0,No,0000000,Not Applicable,99,Unknown,98,Unknown if Notified,99,Unknown EMS Scene Arrival Hour,98,Unknown if Arrived,88,Not Applicable (Not Transported),88,Not Applicable (Not Transported),1
48,Texas,482939,0,0,2,2,0,2,2,409,SAN PATRICIO (409),0,NOT APPLICABLE,10,October,4,4,3,Tuesday,2022,7,7:00am-7:59am,22,22,SR-89,US-77 RAMP,3,State Highway,1,Rural,3,Principal Arterial - Other,98,Not Reported,1,This section IS ON the NHS,0,No Special Jurisdiction,80,80,28.05766111,28.05766111,-97.50905278,-97.50905278,12,Motor Vehicle In-Transport,6,Angle,1,Yes,2,Intersection,2,Four-Way Intersection,1,On Roadway,0,None,1,Daylight,1,Clear,0,No,0000000,Not Applicable,99,Unknown,99,Unknown,99,Unknown EMS Scene Arrival Hour,99,Unknown EMS Scene Arrival Minutes,99,Unknown,99,Unknown EMS Hospital Arrival Time,1
48,Texas,482940,0,0,2,2,0,9,9,495,WINKLER (495),0,NOT APPLICABLE,9,September,1,1,5,Thursday,2022,18,6:00pm-6:59pm,45,45,SR-115,NA,3,State Highway,1,Rural,4,Minor Arterial,98,Not Reported,0,This section IS NOT on the NHS,0,No Special Jurisdiction,144,144,31.80773333,31.80773333,-103.13277778,-103.13277778,12,Motor Vehicle In-Transport,6,Angle,0,No,1,Non-Junction,1,Not an Intersection,1,On Roadway,0,None,1,Daylight,2,Rain,0,No,0000000,Not Applicable,99,Unknown,99,Unknown,99,Unknown EMS Scene Arrival Hour,99,Unknown EMS Scene Arrival Minutes,99,Unknown,99,Unknown EMS Hospital Arrival Time,4
48,Texas,482941,0,0,2,2,0,3,3,29,BEXAR (29),6090,SAN ANTONIO,9,September,18,18,1,Sunday,2022,4,4:00am-4:59am,12,12,US-90,NA,2,US Highway,2,Urban,2,Principal Arterial - Other Freeways and Expressways,98,Not Reported,1,This section IS ON the NHS,0,No Special Jurisdiction,6,6,29.39654444,29.39654444,-98.65279444,-98.65279444,12,Motor Vehicle In-Transport,2,Front-to-Front,0,No,1,Non-Junction,1,Not an Intersection,1,On Roadway,0,None,3,Dark - Lighted,1,Clear,0,No,0000000,Not Applicable,99,Unknown,99,Unknown,99,Unknown EMS Scene Arrival Hour,99,Unknown EMS Scene Arrival Minutes,88,Not Applicable (Not Transported),88,Not Applicable (Not Transported),1
48,Texas,482942,0,0,1,1,0,2,2,29,BEXAR (29),6090,SAN ANTONIO,9,September,25,25,1,Sunday,2022,1,1:00am-1:59am,55,55,US-281,NA,2,US Highway,2,Urban,3,Principal Arterial - Other,98,Not Reported,1,This section IS ON the NHS,0,No Special Jurisdiction,59,59,29.64813333,29.64813333,-98.45104444,-98.45104444,25,Concrete Traffic Barrier,0,The First Harmful Event was Not a Collision with a Motor Vehicle in Transport,0,No,1,Non-Junction,1,Not an Intersection,3,On Median,1,Construction,3,Dark - Lighted,1,Clear,0,No,0000000,Not Applicable,99,Unknown,99,Unknown,99,Unknown EMS Scene Arrival Hour,99,Unknown EMS Scene Arrival Minutes,99,Unknown,99,Unknown EMS Hospital Arrival Time,1