STATE,STATENAME,ST_CASE,PEDS,PERNOTMVIT,VE_TOTAL,VE_FORMS,PVH_INVL,PERSONS,PERMVIT,COUNTY,COUNTYNAME,CITY,CITYNAME,MONTH,MONTHNAME,DAY,DAYNAME,DAY_WEEK,DAY_WEEKNAME,YEAR,HOUR,HOURNAME,MINUTE,MINUTENAME,TWAY_ID,TWAY_ID2,ROUTE,ROUTENAME,RUR_URB,RUR_URBNAME,FUNC_SYS,FUNC_SYSNAME,RD_OWNER,RD_OWNERNAME,NHS,NHSNAME,SP_JUR,SP_JURNAME,MILEPT,MILEPTNAME,LATITUDE,LATITUDENAME,LONGITUD,LONGITUDNAME,HARM_EV,HARM_EVNAME,MAN_COLL,MAN_COLLNAME,RELJCT1,RELJCT1NAME,RELJCT2,RELJCT2NAME,TYP_INT,TYP_INTNAME,REL_ROAD,REL_ROADNAME,WRK_ZONE,WRK_ZONENAME,LGT_COND,LGT_CONDNAME,WEATHER,WEATHERNAME,SCH_BUS,SCH_BUSNAME,RAIL,RAILNAME,NOT_HOUR,NOT_HOURNAME,NOT_MIN,NOT_MINNAME,ARR_HOUR,ARR_HOURNAME,ARR_MIN,ARR_MINNAME,HOSP_HR,HOSP_HRNAME,HOSP_MN,HOSP_MNNAME,FATALS
48,Texas,482943,0,0,1,1,0,1,1,201,HARRIS (201),0,NOT APPLICABLE,9,September,26,26,2,Monday,2022,22,10:00pm-10:59pm,40,40,LOUETTA RD,NA,6,Local Street - Municipality,2,Urban,4,Minor Arterial,98,Not Reported,0,This section IS NOT on the NHS,0,No Special Jurisdiction,0,None,30.03070833,30.03070833,-95.50600556,-95.50600556,1,Rollover/Overturn,0,The First Harmful Event was Not a Collision with a Motor Vehicle in Transport,0,No,1,Non-Junction,1,Not an Intersection,4,On Roadside,0,None,3,Dark - Lighted,1,Clear,0,No,0000000,Not Applicable,99,Unknown,99,Unknown,99,Unknown EMS Scene Arrival Hour,99,Unknown EMS Scene Arrival Minutes,99,Unknown,99,Unknown EMS Hospital Arrival Time,1
48,Texas,482944,1,1,1,1,0,1,1,27,BELL (27),0,NOT APPLICABLE,10,October,2,2,1,Sunday,2022,0,0:00am-0:59am,40,40,FM 439,NA,8,Other,2,Urban,4,Minor Arterial,98,Not Reported,0,This section IS NOT on the NHS,0,No Special Jurisdiction,220,220,31.09159722,31.09159722,-97.54487778,-97.54487778,8,Pedestrian,0,The First Harmful Event was Not a Collision with a Motor Vehicle in Transport,0,No,1,Non-Junction,1,Not an Intersection,1,On Roadway,0,None,2,Dark - Not Lighted,1,Clear,0,No,0000000,Not Applicable,99,Unknown,98,Unknown if Notified,99,Unknown EMS Scene Arrival Hour,98,Unknown if Arrived,88,Not Applicable (Not Transported),88,Not Applicable (Not Transported),1
48,Texas,482945,0,0,2,2,0,2,2,251,JOHNSON (251),0,NOT APPLICABLE,10,October,1,1,7,Saturday,2022,17,5:00pm-5:59pm,47,47,US-67,NA,2,US Highway,1,Rural,3,Principal Arterial - Other,98,Not Reported,1,This section IS ON the NHS,0,No Special Jurisdiction,34,34,32.30808333,32.30808333,-97.53438333,-97.53438333,12,Motor Vehicle In-Transport,2,Front-to-Front,0,No,1,Non-Junction,1,Not an Intersection,1,On Roadway,0,None,5,Dusk,1,Clear,0,No,0000000,Not Applicable,99,Unknown,99,Unknown,99,Unknown EMS Scene Arrival Hour,99,Unknown EMS Scene Arrival Minutes,99,Unknown,99,Unknown EMS Hospital Arrival Time,1
48,Texas,482946,1,1,2,2,0,4,4,133,EASTLAND (133),0,NOT APPLICABLE,9,September,25,25,1,Sunday,2022,2,2:00am-2:59am,54,54,I-20,NA,1,Interstate,1,Rural,1,Interstate,1,State Highway Agency,1,This section IS ON the NHS,0,No Special Jurisdiction,162,162,32.37550278,32.37550278,-98.83450278,-98.83450278,12,Motor Vehicle In-Transport,2,Front-to-Front,0,No,1,Non-Junction,1,Not an Intersection,1,On Roadway,0,None,2,Dark - Not Lighted,1,Clear,0,No,0000000,Not Applicable,99,Unknown,99,Unknown,99,Unknown EMS Scene Arrival Hour,99,Unknown EMS Scene Arrival Minutes,99,Unknown,99,Unknown EMS Hospital Arrival Time,1
48,Texas,482947,0,0,2,2,0,2,2,39,BRAZORIA (39),3537,JONES CREEK,9,September,22,22,5,Thursday,2022,6,6:00am-6:59am,55,55,SR-36,NA,3,State Highway,1,Rural,3,Principal Arterial - Other,98,Not Reported,1,This section IS ON the NHS,0,No Special Jurisdiction,290,290,28.98513333,28.98513333,-95.49189167,-95.49189167,12,Motor Vehicle In-Transport,2,Front-to-Front,0,No,1,Non-Junction,1,Not an Intersection,1,On Roadway,0,None,1,Daylight,1,Clear,0,No,0000000,Not Applicable,99,Unknown,99,Unknown,99,Unknown EMS Scene Arrival Hour,99,Unknown EMS Scene Arrival Minutes,99,Unknown,99,Unknown EMS Hospital Arrival Time,2
48,Texas,482948,0,0,2,2,0,2,2,251,JOHNSON (251),1030,BURLESON,9,September,28,28,4,Wednesday,2022,1,1:00am-1:59am,4,4,I-35,NA,1,Interstate,1,Rural,1,Interstate,1,State Highway Agency,1,This section IS ON the NHS,0,No Special Jurisdiction,156,156,32.46109167,32.46109167,-97.2641,-97.2641,12,Motor Vehicle In-Transport,1,Front-to-Rear,0,No,1,Non-Junction,1,Not an Intersection,1,On Roadway,0,None,2,Dark - Not Lighted,1,Clear,0,No,0000000,Not Applicable,99,Unknown,98,Unknown if Notified,99,Unknown EMS Scene Arrival Hour,98,Unknown if Arrived,88,Not Applicable (Not Transported),88,Not Applicable (Not Transported),1
48,Texas,482949,0,0,2,2,0,3,3,491,WILLIAMSON (491),3925,LEANDER,9,September,30,30,6,Friday,2022,19,7:00pm-7:59pm,32,32,SR-183 A,RM 2243,7,Local Street - Frontage Road,2,Urban,5,Major Collector,31,State Toll Road,0,This section IS NOT on the NHS,0,No Special Jurisdiction,0,None,30.58261111,30.58261111,-97.83656944,-97.83656944,12,Motor Vehicle In-Transport,1,Front-to-Rear,1,Yes,3,Intersection-Related,2,Four-Way Intersection,1,On Roadway,0,None,5,Dusk,1,Clear,0,No,0000000,Not Applicable,99,Unknown,98,Unknown if Notified,99,Unknown EMS Scene Arrival Hour,98,Unknown if Arrived,88,Not Applicable (Not Transported),88,Not Applicable (Not Transported),2
48,Texas,482950,1,1,1,1,0,1,1,323,MAVERICK (323),2030,EAGLE PASS,9,September,30,30,6,Friday,2022,22,10:00pm-10:59pm,26,26,US-57,NA,2,US Highway,2,Urban,3,Principal Arterial - Other,98,Not Reported,1,This section IS ON the NHS,0,No Special Jurisdiction,11,11,28.70626111,28.70626111,-100.49601667,-100.49601667,8,Pedestrian,0,The First Harmful Event was Not a Collision with a Motor Vehicle in Transport,0,No,1,Non-Junction,1,Not an Intersection,1,On Roadway,0,None,3,Dark - Lighted,1,Clear,0,No,0000000,Not Applicable,99,Unknown,99,Unknown,99,Unknown EMS Scene Arrival Hour,99,Unknown EMS Scene Arrival Minutes,99,Unknown,99,Unknown EMS Hospital Arrival Time,1
48,Texas,482951,0,0,2,2,0,2,2,5,ANGELINA (5),4160,LUFKIN,10,October,6,6,5,Thursday,2022,5,5:00am-5:59am,27,27,FM 1271/OLD UNION RD,NA,8,Other,2,Urban,5,Major Collector,98,Not Reported,0,This section IS NOT on the NHS,0,No Special Jurisdiction,27,27,31.32032778,31.32032778,-94.76679167,-94.76679167,12,Motor Vehicle In-Transport,2,Front-to-Front,0,No,1,Non-Junction,1,Not an Intersection,1,On Roadway,0,None,3,Dark - Lighted,1,Clear,0,No,0000000,Not Applicable,99,Unknown,98,Unknown if Notified,99,Unknown EMS Scene Arrival Hour,98,Unknown if Arrived,88,Not Applicable (Not Transported),88,Not Applicable (Not Transported),1
48,Texas,482952,1,1,1,1,0,1,1,201,HARRIS (201),3280,HOUSTON,9,September,24,24,7,Saturday,2022,8,8:00am-8:59am,26,26,I-45/NORTH FWY RAMP,NA,1,Interstate,2,Urban,1,Interstate,1,State Highway Agency,1,This section IS ON the NHS,0,No Special Jurisdiction,346,346,29.89619444,29.89619444,-95.41244444,-95.41244444,8,Pedestrian,0,The First Harmful Event was Not a Collision with a Motor Vehicle in Transport,1,Yes,20,Entrance/Exit Ramp,1,Not an Intersection,1,On Roadway,0,None,1,Daylight,1,Clear,0,No,0000000,Not Applicable,99,Unknown,99,Unknown,99,Unknown EMS Scene Arrival Hour,99,Unknown EMS Scene Arrival Minutes,88,Not Applicable (Not Transported),88,Not Applicable (Not Transported),1
48,Texas,482953,1,1,1,1,0,1,1,439,TARRANT (439),2450,FORT WORTH,10,October,3,3,2,Monday,2022,5,5:00am-5:59am,56,56,BELKNAP ST,RIVERSIDE DR,6,Local Street - Municipality,2,Urban,3,Principal Arterial - Other,98,Not Reported,1,This section IS ON the NHS,0,No Special Jurisdiction,28,28,32.773125,32.773125,-97.30166389,-97.30166389,9,Pedalcyclist,0,The First Harmful Event was Not a Collision with a Motor Vehicle in Transport,0,No,2,Intersection,2,Four-Way Intersection,1,On Roadway,0,None,3,Dark - Lighted,1,Clear,0,No,0000000,Not Applicable,99,Unknown,99,Unknown,99,Unknown EMS Scene Arrival Hour,99,Unknown EMS Scene Arrival Minutes,99,Unknown,99,Unknown EMS Hospital Arrival Time,1
48,Texas,482954,0,0,1,1,0,1,1,85,COLLIN (85),5730,RICHARDSON,9,September,24,24,7,Saturday,2022,16,4:00pm-4:59pm,2,2,PRESIDENT GEORGE BUSH TURNPIKE,NA,8,Other,2,Urban,2,Principal Arterial - Other Freeways and Expressways,31,State Toll Road,0,This section IS NOT on the NHS,0,No Special Jurisdiction,119,119,33.00349444,33.00349444,-96.74496944,-96.74496944,23,Bridge Rail (Includes parapet),0,The First Harmful Event was Not a Collision with a Motor Vehicle in Transport,0,No,1,Non-Junction,1,Not an Intersection,4,On Roadside,0,None,1,Daylight,1,Clear,0,No,0000000,Not Applicable,99,Unknown,98,Unknown if Notified,99,Unknown EMS Scene Arrival Hour,98,Unknown if Arrived,88,Not Applicable (Not Transported),88,Not Applicable (Not Transported),1
48,Texas,482955,1,1,1,1,0,2,2,201,HARRIS (201),2560,GALENA PARK,8,August,27,27,7,Saturday,2022,20,8:00pm-8:59pm,38,38,HOLLAND AVE,NA,6,Local Street - Municipality,2,Urban,4,Minor Arterial,98,Not Reported,0,This section IS NOT on the NHS,0,No Special Jurisdiction,0,None,29.75721111,29.75721111,-95.23353611,-95.23353611,9,Pedalcyclist,0,The First Harmful Event was Not a Collision with a Motor Vehicle in Transport,0,No,1,Non-Junction,1,Not an Intersection,1,On Roadway,0,None,2,Dark - Not Lighted,1,Clear,0,No,0000000,Not Applicable,99,Unknown,99,Unknown,99,Unknown EMS Scene Arrival Hour,99,Unknown EMS Scene Arrival Minutes,99,Unknown,99,Unknown EMS Hospital Arrival Time,1
48,Texas,482956,1,1,1,1,0,1,1,113,DALLAS (113),5730,RICHARDSON,9,September,27,27,3,Tuesday,2022,18,6:00pm-6:59pm,19,19,JACKSON ST,NA,6,Local Street - Municipality,2,Urban,7,Local,98,Not Reported,0,This section IS NOT on the NHS,0,No Special Jurisdiction,0,None,32.95385,32.95385,-96.72911944,-96.72911944,10,Railway Vehicle,0,The First Harmful Event was Not a Collision with a Motor Vehicle in Transport,0,No,6,Railway Grade Crossing,1,Not an Intersection,1,On Roadway,0,None,1,Daylight,1,Clear,0,No,971219F,971219F,99,Unknown,99,Unknown,99,Unknown EMS Scene Arrival Hour,99,Unknown EMS Scene Arrival Minutes,99,Unknown,99,Unknown EMS Hospital Arrival Time,1
48,Texas,482957,0,0,2,2,0,3,3,251,JOHNSON (251),1370,CLEBURNE,10,October,5,5,4,Wednesday,2022,13,1:00pm-1:59pm,14,14,FM 4/SECOND ST,NA,8,Other,2,Urban,4,Minor Arterial,98,Not Reported,0,This section IS NOT on the NHS,0,No Special Jurisdiction,16,16,32.34597222,32.34597222,-97.35838333,-97.35838333,12,Motor Vehicle In-Transport,6,Angle,0,No,4,Driveway Access,1,Not an Intersection,1,On Roadway,0,None,1,Daylight,1,Clear,0,No,0000000,Not Applicable,99,Unknown,98,Unknown if Notified,99,Unknown EMS Scene Arrival Hour,98,Unknown if Arrived,88,Not Applicable (Not Transported),88,Not Applicable (Not Transported),1
48,Texas,482958,0,0,2,2,0,2,2,167,GALVESTON (167),6860,TEXAS CITY,9,September,24,24,7,Saturday,2022,0,0:00am-0:59am,9,9,MONTICELLO DR,APPOMATTOX DR,6,Local Street - Municipality,2,Urban,5,Major Collector,98,Not Reported,0,This section IS NOT on the NHS,0,No Special Jurisdiction,0,None,29.3928,29.3928,-95.00520278,-95.00520278,12,Motor Vehicle In-Transport,2,Front-to-Front,0,No,2,Intersection,3,T-Intersection,1,On Roadway,0,None,2,Dark - Not Lighted,1,Clear,0,No,0000000,Not Applicable,99,Unknown,99,Unknown,99,Unknown EMS Scene Arrival Hour,99,Unknown EMS Scene Arrival Minutes,99,Unknown,99,Unknown EMS Hospital Arrival Time,1
48,Texas,482959,1,1,2,2,0,2,2,27,BELL (27),3690,KILLEEN,10,October,2,2,1,Sunday,2022,21,9:00pm-9:59pm,12,12,SR-195/FORT HOOD ST,NA,3,State Highway,2,Urban,3,Principal Arterial - Other,98,Not Reported,1,This section IS ON the NHS,0,No Special Jurisdiction,31,31,31.08703056,31.08703056,-97.75543889,-97.75543889,8,Pedestrian,0,The First Harmful Event was Not a Collision with a Motor Vehicle in Transport,0,No,1,Non-Junction,1,Not an Intersection,1,On Roadway,0,None,3,Dark - Lighted,1,Clear,0,No,0000000,Not Applicable,99,Unknown,98,Unknown if Notified,99,Unknown EMS Scene Arrival Hour,98,Unknown if Arrived,88,Not Applicable (Not Transported),88,Not Applicable (Not Transported),1
48,Texas,482960,0,0,2,2,0,2,2,351,NEWTON (351),0,NOT APPLICABLE,9,September,26,26,2,Monday,2022,6,6:00am-6:59am,55,55,SR-62,NA,3,State Highway,1,Rural,4,Minor Arterial,98,Not Reported,0,This section IS NOT on the NHS,0,No Special Jurisdiction,10,10,30.24344444,30.24344444,-93.89566667,-93.89566667,12,Motor Vehicle In-Transport,2,Front-to-Front,0,No,1,Non-Junction,1,Not an Intersection,1,On Roadway,0,None,4,Dawn,1,Clear,0,No,0000000,Not Applicable,99,Unknown,99,Unknown,99,Unknown EMS Scene Arrival Hour,99,Unknown EMS Scene Arrival Minutes,99,Unknown,99,Unknown EMS Hospital Arrival Time,1
48,Texas,482961,0,0,1,1,0,1,1,339,MONTGOMERY (339),0,NOT APPLICABLE,9,September,29,29,5,Thursday,2022,17,5:00pm-5:59pm,36,36,FM 149,NA,8,Other,1,Rural,5,Major Collector,98,Not Reported,0,This section IS NOT on the NHS,0,No Special Jurisdiction,137,137,30.43180278,30.43180278,-95.69294444,-95.69294444,1,Rollover/Overturn,0,The First Harmful Event was Not a Collision with a Motor Vehicle in Transport,0,No,1,Non-Junction,1,Not an Intersection,4,On Roadside,0,None,1,Daylight,1,Clear,0,No,0000000,Not Applicable,99,Unknown,98,Unknown if Notified,99,Unknown EMS Scene Arrival Hour,98,Unknown if Arrived,88,Not Applicable (Not Transported),88,Not Applicable (Not Transported),1
48,Texas,482962,1,1,1,1,0,1,1,223,HOPKINS (223),0,NOT APPLICABLE,9,September,30,30,6,Friday,2022,15,3:00pm-3:59pm,13,13,FM 71,NA,8,Other,1,Rural,5,Major Collector,98,Not Reported,0,This section IS NOT on the NHS,0,No Special Jurisdiction,141,141,33.27081667,33.27081667,-95.61676944,-95.61676944,8,Pedestrian,0,The First Harmful Event was Not a Collision with a Motor Vehicle in Transport,0,No,1,Non-Junction,1,Not an Intersection,1,On Roadway,0,None,1,Daylight,1,Clear,0,No,0000000,Not Applicable,99,Unknown,98,Unknown if Notified,99,Unknown EMS Scene Arrival Hour,98,Unknown if Arrived,88,Not Applicable (Not Transported),88,Not Applicable (Not Transported),1
48,Texas,482963,0,0,2,2,0,3,3,439,TARRANT (439),2450,FORT WORTH,10,October,3,3,2,Monday,2022,13,1:00pm-1:59pm,2,2,BRYANT IRVIN RD,CURZON AVE,6,Local Street - Municipality,2,Urban,3,Principal Arterial - Other,98,Not Reported,0,This section IS NOT on the NHS,0,No Special Jurisdiction,0,None,32.73025556,32.73025556,-97.41339167,-97.41339167,12,Motor Vehicle In-Transport,6,Angle,0,No,2,Intersection,2,Four-Way Intersection,1,On Roadway,0,None,1,Daylight,1,Clear,0,No,0000000,Not Applicable,99,Unknown,99,Unknown,99,Unknown EMS Scene Arrival Hour,99,Unknown EMS Scene Arrival Minutes,99,Unknown,99,Unknown EMS Hospital Arrival Time,1
48,Texas,482964,1,1,2,2,0,2,2,113,DALLAS (113),1730,DALLAS,9,September,18,18,1,Sunday,2022,23,11:00pm-11:59pm,42,42,SR-12,NA,3,State Highway,2,Urban,2,Principal Arterial - Other Freeways and Expressways,98,Not Reported,1,This section IS ON the NHS,0,No Special Jurisdiction,134,134,32.74470556,32.74470556,-96.91903889,-96.91903889,8,Pedestrian,0,The First Harmful Event was Not a Collision with a Motor Vehicle in Transport,1,Yes,18,Through Roadway,1,Not an Intersection,1,On Roadway,0,None,3,Dark - Lighted,1,Clear,0,No,0000000,Not Applicable,99,Unknown,99,Unknown,99,Unknown EMS Scene Arrival Hour,99,Unknown EMS Scene Arrival Minutes,99,Unknown,99,Unknown EMS Hospital Arrival Time,1
48,Texas,482965,1,1,1,1,0,1,1,113,DALLAS (113),1730,DALLAS,9,September,18,18,1,Sunday,2022,20,8:00pm-8:59pm,42,42,HAMPTON RD,NA,6,Local Street - Municipality,2,Urban,3,Principal Arterial - Other,98,Not Reported,0,This section IS NOT on the NHS,0,No Special Jurisdiction,0,None,32.77978333,32.77978333,-96.85641944,-96.85641944,8,Pedestrian,0,The First Harmful Event was Not a Collision with a Motor Vehicle in Transport,0,No,1,Non-Junction,1,Not an Intersection,1,On Roadway,0,None,3,Dark - Lighted,1,Clear,0,No,0000000,Not Applicable,99,Unknown,99,Unknown,99,Unknown EMS Scene Arrival Hour,99,Unknown EMS Scene Arrival Minutes,88,Not Applicable (Not Transported),88,Not Applicable (Not Transported),1
48,Texas,482966,0,0,2,2,0,2,2,201,HARRIS (201),3280,HOUSTON,9,September,30,30,6,Friday,2022,0,0:00am-0:59am,1,1,PINEMONT DR,ELLA BLVD,6,Local Street - Municipality,2,Urban,4,Minor Arterial,98,Not Reported,0,This section IS NOT on the NHS,0,No Special Jurisdiction,0,None,29.84096944,29.84096944,-95.42878611,-95.42878611,12,Motor Vehicle In-Transport,6,Angle,0,No,2,Intersection,2,Four-Way Intersection,1,On Roadway,0,None,3,Dark - Lighted,10,Cloudy,0,No,0000000,Not Applicable,99,Unknown,98,Unknown if Notified,99,Unknown EMS Scene Arrival Hour,98,Unknown if Arrived,88,Not Applicable (Not Transported),88,Not Applicable (Not Transported),1
48,Texas,482967,0,0,3,3,0,3,3,157,FORT BEND (157),0,NOT APPLICABLE,9,September,27,27,3,Tuesday,2022,14,2:00pm-2:59pm,16,16,FM 723,LEESWAY RD,8,Other,2,Urban,4,Minor Arterial,98,Not Reported,0,This section IS NOT on the NHS,0,No Special Jurisdiction,127,127,29.65758611,29.65758611,-95.81224444,-95.81224444,12,Motor Vehicle In-Transport,1,Front-to-Rear,0,No,3,Intersection-Related,3,T-Intersection,1,On Roadway,0,None,1,Daylight,1,Clear,0,No,0000000,Not Applicable,14,2:00pm-2:59pm,23,23,14,2:00pm-2:59pm,31,31,15,3:00pm-3:59pm,8,8,1
48,Texas,482968,0,0,2,1,1,1,1,141,EL PASO (141),2190,EL PASO,10,October,7,7,6,Friday,2022,10,10:00am-10:59am,22,22,PIEDRAS ST,NA,6,Local Street - Municipality,2,Urban,4,Minor Arterial,98,Not Reported,0,This section IS NOT on the NHS,0,No Special Jurisdiction,0,None,31.79513056,31.79513056,-106.46139444,-106.46139444,1,Rollover/Overturn,0,The First Harmful Event was Not a Collision with a Motor Vehicle in Transport,0,No,1,Non-Junction,1,Not an Intersection,1,On Roadway,0,None,1,Daylight,10,Cloudy,0,No,0000000,Not Applicable,99,Unknown,99,Unknown,99,Unknown EMS Scene Arrival Hour,99,Unknown EMS Scene Arrival Minutes,99,Unknown,99,Unknown EMS Hospital Arrival Time,1
48,Texas,482969,0,0,2,2,0,2,2,61,CAMERON (61),0,NOT APPLICABLE,9,September,23,23,6,Friday,2022,23,11:00pm-11:59pm,13,13,FM 106,FM 2925,8,Other,2,Urban,5,Major Collector,98,Not Reported,0,This section IS NOT on the NHS,0,No Special Jurisdiction,215,215,26.22666667,26.22666667,-97.53351389,-97.53351389,12,Motor Vehicle In-Transport,6,Angle,0,No,2,Intersection,2,Four-Way Intersection,1,On Roadway,0,None,6,Dark - Unknown Lighting,1,Clear,0,No,0000000,Not Applicable,99,Unknown,99,Unknown,99,Unknown EMS Scene Arrival Hour,99,Unknown EMS Scene Arrival Minutes,99,Unknown,99,Unknown EMS Hospital Arrival Time,1
48,Texas,482972,0,0,1,1,0,1,1,453,TRAVIS (453),330,AUSTIN,9,September,28,28,4,Wednesday,2022,21,9:00pm-9:59pm,16,16,I-35,NA,7,Local Street - Frontage Road,2,Urban,5,Major Collector,1,State Highway Agency,0,This section IS NOT on the NHS,0,No Special Jurisdiction,283,283,30.40670556,30.40670556,-97.67445278,-97.67445278,52,Guardrail End,0,The First Harmful Event was Not a Collision with a Motor Vehicle in Transport,0,No,1,Non-Junction,1,Not an Intersection,4,On Roadside,0,None,2,Dark - Not Lighted,1,Clear,0,No,0000000,Not Applicable,99,Unknown,98,Unknown if Notified,99,Unknown EMS Scene Arrival Hour,98,Unknown if Arrived,88,Not Applicable (Not Transported),88,Not Applicable (Not Transported),1
48,Texas,482973,0,0,2,2,0,2,2,439,TARRANT (439),2450,FORT WORTH,10,October,7,7,6,Friday,2022,18,6:00pm-6:59pm,50,50,BERRY ST,HATCHER ST,6,Local Street - Municipality,2,Urban,4,Minor Arterial,98,Not Reported,0,This section IS NOT on the NHS,0,No Special Jurisdiction,0,None,32.71315556,32.71315556,-97.25813056,-97.25813056,5,Fell/Jumped from Vehicle,0,The First Harmful Event was Not a Collision with a Motor Vehicle in Transport,0,No,2,Intersection,2,Four-Way Intersection,1,On Roadway,0,None,1,Daylight,1,Clear,0,No,0000000,Not Applicable,99,Unknown,99,Unknown,99,Unknown EMS Scene Arrival Hour,99,Unknown EMS Scene Arrival Minutes,99,Unknown,99,Unknown EMS Hospital Arrival Time,1
48,Texas,482974,0,0,3,3,0,4,4,201,HARRIS (201),0,NOT APPLICABLE,9,September,26,26,2,Monday,2022,17,5:00pm-5:59pm,39,39,HUFFMEISTER RD,BARON BROOK WAY,6,Local Street - Municipality,2,Urban,4,Minor Arterial,98,Not Reported,0,This section IS NOT on the NHS,0,No Special Jurisdiction,0,None,29.99711389,29.99711389,-95.70343611,-95.70343611,12,Motor Vehicle In-Transport,6,Angle,0,No,2,Intersection,2,Four-Way Intersection,1,On Roadway,0,None,1,Daylight,1,Clear,0,No,0000000,Not Applicable,99,Unknown,99,Unknown,99,Unknown EMS Scene Arrival Hour,99,Unknown EMS Scene Arrival Minutes,99,Unknown,99,Unknown EMS Hospital Arrival Time,1
48,Texas,482975,0,0,2,2,0,2,2,149,FAYETTE (149),0,NOT APPLICABLE,10,October,7,7,6,Friday,2022,6,6:00am-6:59am,18,18,SR-71,NA,3,State Highway,1,Rural,3,Principal Arterial - Other,98,Not Reported,1,This section IS ON the NHS,0,No Special Jurisdiction,176,176,29.93855556,29.93855556,-96.99714722,-96.99714722,12,Motor Vehicle In-Transport,1,Front-to-Rear,0,No,1,Non-Junction,1,Not an Intersection,1,On Roadway,0,None,2,Dark - Not Lighted,1,Clear,0,No,0000000,Not Applicable,99,Unknown,98,Unknown if Notified,99,Unknown EMS Scene Arrival Hour,98,Unknown if Arrived,88,Not Applicable (Not Transported),88,Not Applicable (Not Transported),1
48,Texas,482976,0,0,2,2,0,2,2,201,HARRIS (201),0,NOT APPLICABLE,9,September,30,30,6,Friday,2022,12,12:00pm-12:59pm,22,22,FM 529,NA,8,Other,2,Urban,3,Principal Arterial - Other,98,Not Reported,1,This section IS ON the NHS,0,No Special Jurisdiction,81,81,29.87975556,29.87975556,-95.72305,-95.72305,12,Motor Vehicle In-Transport,6,Angle,0,No,8,Driveway Access Related,1,Not an Intersection,1,On Roadway,0,None,1,Daylight,1,Clear,0,No,0000000,Not Applicable,99,Unknown,99,Unknown,99,Unknown EMS Scene Arrival Hour,99,Unknown EMS Scene Arrival Minutes,88,Not Applicable (Not Transported),88,Not Applicable (Not Transported),1
48,Texas,482977,1,1,1,1,0,1,1,339,MONTGOMERY (339),0,NOT APPLICABLE,10,October,2,2,1,Sunday,2022,20,8:00pm-8:59pm,21,21,FM 2978,NA,8,Other,2,Urban,4,Minor Arterial,98,Not Reported,0,This section IS NOT on the NHS,0,No Special Jurisdiction,75,75,30.19591667,30.19591667,-95.58794722,-95.58794722,8,Pedestrian,0,The First Harmful Event was Not a Collision with a Motor Vehicle in Transport,0,No,1,Non-Junction,1,Not an Intersection,1,On Roadway,1,Construction,2,Dark - Not Lighted,1,Clear,0,No,0000000,Not Applicable,99,Unknown,98,Unknown if Notified,99,Unknown EMS Scene Arrival Hour,98,Unknown if Arrived,88,Not Applicable (Not Transported),88,Not Applicable (Not Transported),1
48,Texas,482978,0,0,1,1,0,1,1,167,GALVESTON (167),2570,GALVESTON,9,September,29,29,5,Thursday,2022,10,10:00am-10:59am,57,57,I-45/BROADWAY/AVE J,NA,1,Interstate,2,Urban,1,Interstate,1,State Highway Agency,1,This section IS ON the NHS,0,No Special Jurisdiction,101,101,29.28879444,29.28879444,-94.83668889,-94.83668889,1,Rollover/Overturn,0,The First Harmful Event was Not a Collision with a Motor Vehicle in Transport,1,Yes,19,Other location within Interchange Area,1,Not an Intersection,8,Gore,0,None,1,Daylight,1,Clear,0,No,0000000,Not Applicable,99,Unknown,98,Unknown if Notified,99,Unknown EMS Scene Arrival Hour,98,Unknown if Arrived,88,Not Applicable (Not Transported),88,Not Applicable (Not Transported),1
48,Texas,482979,0,0,2,2,0,2,2,215,HIDALGO (215),7330,WESLACO,9,September,29,29,5,Thursday,2022,23,11:00pm-11:59pm,26,26,FM 1015/INTERNATIONAL BLVD,NA,8,Other,2,Urban,3,Principal Arterial - Other,98,Not Reported,1,This section IS ON the NHS,0,No Special Jurisdiction,101,101,26.147475,26.147475,-97.95827778,-97.95827778,12,Motor Vehicle In-Transport,6,Angle,0,No,8,Driveway Access Related,1,Not an Intersection,1,On Roadway,0,None,3,Dark - Lighted,1,Clear,0,No,0000000,Not Applicable,99,Unknown,98,Unknown if Notified,99,Unknown EMS Scene Arrival Hour,98,Unknown if Arrived,88,Not Applicable (Not Transported),88,Not Applicable (Not Transported),1
48,Texas,482980,0,0,2,2,0,4,4,201,HARRIS (201),0,NOT APPLICABLE,8,August,26,26,6,Friday,2022,16,4:00pm-4:59pm,10,10,FM 529,MAYARD RD,8,Other,2,Urban,3,Principal Arterial - Other,98,Not Reported,1,This section IS ON the NHS,0,No Special Jurisdiction,151,151,29.87951389,29.87951389,-95.60605556,-95.60605556,12,Motor Vehicle In-Transport,6,Angle,0,No,2,Intersection,2,Four-Way Intersection,1,On Roadway,0,None,1,Daylight,1,Clear,0,No,0000000,Not Applicable,99,Unknown,99,Unknown,99,Unknown EMS Scene Arrival Hour,99,Unknown EMS Scene Arrival Minutes,99,Unknown,99,Unknown EMS Hospital Arrival Time,1