STATE,STATENAME,ST_CASE,PEDS,PERNOTMVIT,VE_TOTAL,VE_FORMS,PVH_INVL,PERSONS,PERMVIT,COUNTY,COUNTYNAME,CITY,CITYNAME,MONTH,MONTHNAME,DAY,DAYNAME,DAY_WEEK,DAY_WEEKNAME,YEAR,HOUR,HOURNAME,MINUTE,MINUTENAME,TWAY_ID,TWAY_ID2,ROUTE,ROUTENAME,RUR_URB,RUR_URBNAME,FUNC_SYS,FUNC_SYSNAME,RD_OWNER,RD_OWNERNAME,NHS,NHSNAME,SP_JUR,SP_JURNAME,MILEPT,MILEPTNAME,LATITUDE,LATITUDENAME,LONGITUD,LONGITUDNAME,HARM_EV,HARM_EVNAME,MAN_COLL,MAN_COLLNAME,RELJCT1,RELJCT1NAME,RELJCT2,RELJCT2NAME,TYP_INT,TYP_INTNAME,REL_ROAD,REL_ROADNAME,WRK_ZONE,WRK_ZONENAME,LGT_COND,LGT_CONDNAME,WEATHER,WEATHERNAME,SCH_BUS,SCH_BUSNAME,RAIL,RAILNAME,NOT_HOUR,NOT_HOURNAME,NOT_MIN,NOT_MINNAME,ARR_HOUR,ARR_HOURNAME,ARR_MIN,ARR_MINNAME,HOSP_HR,HOSP_HRNAME,HOSP_MN,HOSP_MNNAME,FATALS
48,Texas,483131,0,0,2,2,0,2,2,89,COLORADO (89),0,NOT APPLICABLE,10,October,13,13,5,Thursday,2022,6,6:00am-6:59am,45,45,FM 109,NA,8,Other,1,Rural,5,Major Collector,98,Not Reported,0,This section IS NOT on the NHS,0,No Special Jurisdiction,57,57,29.83093056,29.83093056,-96.54135556,-96.54135556,12,Motor Vehicle In-Transport,2,Front-to-Front,0,No,8,Driveway Access Related,1,Not an Intersection,1,On Roadway,0,None,2,Dark - Not Lighted,1,Clear,0,No,0000000,Not Applicable,99,Unknown,99,Unknown,99,Unknown EMS Scene Arrival Hour,99,Unknown EMS Scene Arrival Minutes,99,Unknown,99,Unknown EMS Hospital Arrival Time,1
48,Texas,483132,0,0,2,2,0,2,2,203,HARRISON (203),0,NOT APPLICABLE,10,October,15,15,7,Saturday,2022,20,8:00pm-8:59pm,15,15,US-80,NA,2,US Highway,1,Rural,3,Principal Arterial - Other,98,Not Reported,0,This section IS NOT on the NHS,0,No Special Jurisdiction,153,153,32.52483611,32.52483611,-94.44610833,-94.44610833,12,Motor Vehicle In-Transport,1,Front-to-Rear,0,No,1,Non-Junction,1,Not an Intersection,1,On Roadway,0,None,2,Dark - Not Lighted,1,Clear,0,No,0000000,Not Applicable,99,Unknown,98,Unknown if Notified,99,Unknown EMS Scene Arrival Hour,98,Unknown if Arrived,88,Not Applicable (Not Transported),88,Not Applicable (Not Transported),1
48,Texas,483133,0,0,1,1,0,2,2,203,HARRISON (203),0,NOT APPLICABLE,10,October,16,16,1,Sunday,2022,22,10:00pm-10:59pm,0,0,SR-43,NA,3,State Highway,1,Rural,4,Minor Arterial,98,Not Reported,0,This section IS NOT on the NHS,0,No Special Jurisdiction,96,96,32.57941944,32.57941944,-94.26836667,-94.26836667,32,Culvert,0,The First Harmful Event was Not a Collision with a Motor Vehicle in Transport,0,No,1,Non-Junction,1,Not an Intersection,4,On Roadside,0,None,2,Dark - Not Lighted,10,Cloudy,0,No,0000000,Not Applicable,99,Unknown,99,Unknown,99,Unknown EMS Scene Arrival Hour,99,Unknown EMS Scene Arrival Minutes,99,Unknown,99,Unknown EMS Hospital Arrival Time,1
48,Texas,483134,0,0,2,2,0,2,2,199,HARDIN (199),0,NOT APPLICABLE,10,October,18,18,3,Tuesday,2022,14,2:00pm-2:59pm,43,43,SR-326,NA,3,State Highway,1,Rural,4,Minor Arterial,98,Not Reported,0,This section IS NOT on the NHS,0,No Special Jurisdiction,138,138,30.18833611,30.18833611,-94.38945833,-94.38945833,12,Motor Vehicle In-Transport,6,Angle,0,No,1,Non-Junction,1,Not an Intersection,1,On Roadway,0,None,1,Daylight,1,Clear,0,No,0000000,Not Applicable,99,Unknown,99,Unknown,99,Unknown EMS Scene Arrival Hour,99,Unknown EMS Scene Arrival Minutes,99,Unknown,99,Unknown EMS Hospital Arrival Time,1
48,Texas,483135,0,0,2,2,0,2,2,7,ARANSAS (7),0,NOT APPLICABLE,10,October,21,21,6,Friday,2022,9,9:00am-9:59am,27,27,SR-188,NA,3,State Highway,1,Rural,5,Major Collector,98,Not Reported,0,This section IS NOT on the NHS,0,No Special Jurisdiction,14,14,27.96615278,27.96615278,-97.12131111,-97.12131111,12,Motor Vehicle In-Transport,2,Front-to-Front,0,No,1,Non-Junction,1,Not an Intersection,1,On Roadway,0,None,1,Daylight,1,Clear,0,No,0000000,Not Applicable,99,Unknown,99,Unknown,99,Unknown EMS Scene Arrival Hour,99,Unknown EMS Scene Arrival Minutes,99,Unknown,99,Unknown EMS Hospital Arrival Time,1
48,Texas,483136,1,1,1,1,0,1,1,29,BEXAR (29),6090,SAN ANTONIO,10,October,13,13,5,Thursday,2022,10,10:00am-10:59am,21,21,LORD RD,WW WHITE RD,6,Local Street - Municipality,2,Urban,3,Principal Arterial - Other,98,Not Reported,1,This section IS ON the NHS,0,No Special Jurisdiction,0,None,29.41356667,29.41356667,-98.40536667,-98.40536667,8,Pedestrian,0,The First Harmful Event was Not a Collision with a Motor Vehicle in Transport,0,No,3,Intersection-Related,2,Four-Way Intersection,1,On Roadway,0,None,1,Daylight,1,Clear,0,No,0000000,Not Applicable,99,Unknown,99,Unknown,99,Unknown EMS Scene Arrival Hour,99,Unknown EMS Scene Arrival Minutes,99,Unknown,99,Unknown EMS Hospital Arrival Time,1
48,Texas,483137,1,1,1,1,0,1,1,453,TRAVIS (453),330,AUSTIN,10,October,12,12,4,Wednesday,2022,6,6:00am-6:59am,59,59,US-183/ANDERSON LN,NA,2,US Highway,2,Urban,2,Principal Arterial - Other Freeways and Expressways,98,Not Reported,1,This section IS ON the NHS,0,No Special Jurisdiction,76,76,30.34668056,30.34668056,-97.71047778,-97.71047778,8,Pedestrian,0,The First Harmful Event was Not a Collision with a Motor Vehicle in Transport,1,Yes,18,Through Roadway,1,Not an Intersection,1,On Roadway,1,Construction,3,Dark - Lighted,1,Clear,0,No,0000000,Not Applicable,99,Unknown,98,Unknown if Notified,99,Unknown EMS Scene Arrival Hour,98,Unknown if Arrived,88,Not Applicable (Not Transported),88,Not Applicable (Not Transported),1
48,Texas,483138,0,0,3,3,0,4,4,453,TRAVIS (453),330,AUSTIN,10,October,20,20,5,Thursday,2022,15,3:00pm-3:59pm,17,17,SR-360,STONERIDGE RD,3,State Highway,2,Urban,3,Principal Arterial - Other,98,Not Reported,1,This section IS ON the NHS,0,No Special Jurisdiction,224,224,30.26365278,30.26365278,-97.81664722,-97.81664722,12,Motor Vehicle In-Transport,7,Sideswipe - Same Direction,0,No,3,Intersection-Related,3,T-Intersection,1,On Roadway,0,None,1,Daylight,1,Clear,0,No,0000000,Not Applicable,99,Unknown,99,Unknown,99,Unknown EMS Scene Arrival Hour,99,Unknown EMS Scene Arrival Minutes,99,Unknown,99,Unknown EMS Hospital Arrival Time,1
48,Texas,483139,0,0,2,2,0,2,2,113,DALLAS (113),1730,DALLAS,10,October,19,19,4,Wednesday,2022,4,4:00am-4:59am,35,35,MAPLE AVE,KINGS RD,6,Local Street - Municipality,2,Urban,5,Major Collector,98,Not Reported,0,This section IS NOT on the NHS,0,No Special Jurisdiction,0,None,32.81347778,32.81347778,-96.82501111,-96.82501111,12,Motor Vehicle In-Transport,1,Front-to-Rear,0,No,3,Intersection-Related,2,Four-Way Intersection,1,On Roadway,0,None,3,Dark - Lighted,1,Clear,0,No,0000000,Not Applicable,99,Unknown,98,Unknown if Notified,99,Unknown EMS Scene Arrival Hour,98,Unknown if Arrived,88,Not Applicable (Not Transported),88,Not Applicable (Not Transported),1
48,Texas,483140,2,2,1,1,0,1,1,201,HARRIS (201),3280,HOUSTON,10,October,21,21,6,Friday,2022,2,2:00am-2:59am,3,3,AIRLINE DR,NA,6,Local Street - Municipality,2,Urban,4,Minor Arterial,98,Not Reported,0,This section IS NOT on the NHS,0,No Special Jurisdiction,0,None,29.84578056,29.84578056,-95.38457222,-95.38457222,43,Other Fixed Object,0,The First Harmful Event was Not a Collision with a Motor Vehicle in Transport,0,No,1,Non-Junction,1,Not an Intersection,4,On Roadside,0,None,3,Dark - Lighted,1,Clear,0,No,0000000,Not Applicable,99,Unknown,99,Unknown,99,Unknown EMS Scene Arrival Hour,99,Unknown EMS Scene Arrival Minutes,99,Unknown,99,Unknown EMS Hospital Arrival Time,1
48,Texas,483141,0,0,2,2,0,3,3,467,VAN ZANDT (467),0,NOT APPLICABLE,10,October,20,20,5,Thursday,2022,16,4:00pm-4:59pm,54,54,FM 1255,FM 773,8,Other,1,Rural,5,Major Collector,98,Not Reported,0,This section IS NOT on the NHS,0,No Special Jurisdiction,0,None,32.60260556,32.60260556,-95.69073889,-95.69073889,12,Motor Vehicle In-Transport,6,Angle,0,No,2,Intersection,2,Four-Way Intersection,1,On Roadway,0,None,1,Daylight,1,Clear,0,No,0000000,Not Applicable,99,Unknown,99,Unknown,99,Unknown EMS Scene Arrival Hour,99,Unknown EMS Scene Arrival Minutes,99,Unknown,99,Unknown EMS Hospital Arrival Time,1
48,Texas,483142,0,0,3,3,0,5,5,347,NACOGDOCHES (347),4810,NACOGDOCHES,10,October,19,19,4,Wednesday,2022,8,8:00am-8:59am,50,50,US-59/STALLINGS DR,NA,2,US Highway,2,Urban,3,Principal Arterial - Other,98,Not Reported,1,This section IS ON the NHS,0,No Special Jurisdiction,239,239,31.58932222,31.58932222,-94.68075556,-94.68075556,12,Motor Vehicle In-Transport,6,Angle,0,No,7,Crossover-Related,1,Not an Intersection,1,On Roadway,0,None,1,Daylight,1,Clear,0,No,0000000,Not Applicable,99,Unknown,98,Unknown if Notified,99,Unknown EMS Scene Arrival Hour,98,Unknown if Arrived,88,Not Applicable (Not Transported),88,Not Applicable (Not Transported),1
48,Texas,483143,0,0,2,2,0,3,3,141,EL PASO (141),2190,EL PASO,10,October,18,18,3,Tuesday,2022,8,8:00am-8:59am,54,54,ARTCRAFT DR,UPPER VALLEY RD,6,Local Street - Municipality,2,Urban,3,Principal Arterial - Other,98,Not Reported,1,This section IS ON the NHS,0,No Special Jurisdiction,12,12,31.87984167,31.87984167,-106.61085556,-106.61085556,12,Motor Vehicle In-Transport,6,Angle,0,No,3,Intersection-Related,2,Four-Way Intersection,1,On Roadway,0,None,1,Daylight,10,Cloudy,0,No,0000000,Not Applicable,99,Unknown,98,Unknown if Notified,99,Unknown EMS Scene Arrival Hour,98,Unknown if Arrived,88,Not Applicable (Not Transported),88,Not Applicable (Not Transported),2
48,Texas,483144,0,0,1,1,0,2,2,149,FAYETTE (149),0,NOT APPLICABLE,10,October,4,4,3,Tuesday,2022,12,12:00pm-12:59pm,24,24,I-10,NA,1,Interstate,1,Rural,1,Interstate,1,State Highway Agency,1,This section IS ON the NHS,0,No Special Jurisdiction,179,179,29.69069722,29.69069722,-96.920075,-96.920075,1,Rollover/Overturn,0,The First Harmful Event was Not a Collision with a Motor Vehicle in Transport,0,No,1,Non-Junction,1,Not an Intersection,1,On Roadway,0,None,1,Daylight,1,Clear,0,No,0000000,Not Applicable,99,Unknown,99,Unknown,99,Unknown EMS Scene Arrival Hour,99,Unknown EMS Scene Arrival Minutes,88,Not Applicable (Not Transported),88,Not Applicable (Not Transported),1
48,Texas,483145,0,1,2,1,1,2,1,229,HUDSPETH (229),0,NOT APPLICABLE,10,October,10,10,2,Monday,2022,18,6:00pm-6:59pm,56,56,I-10,NA,1,Interstate,1,Rural,1,Interstate,1,State Highway Agency,1,This section IS ON the NHS,0,No Special Jurisdiction,546,546,31.13183611,31.13183611,-105.20993889,-105.20993889,14,Parked Motor Vehicle,0,The First Harmful Event was Not a Collision with a Motor Vehicle in Transport,0,No,1,Non-Junction,1,Not an Intersection,2,On Shoulder,0,None,2,Dark - Not Lighted,1,Clear,0,No,0000000,Not Applicable,99,Unknown,98,Unknown if Notified,99,Unknown EMS Scene Arrival Hour,98,Unknown if Arrived,88,Not Applicable (Not Transported),88,Not Applicable (Not Transported),1
48,Texas,483147,1,1,1,1,0,1,1,201,HARRIS (201),480,BAYTOWN,10,October,13,13,5,Thursday,2022,23,11:00pm-11:59pm,30,30,I-10 RAMP,NA,1,Interstate,2,Urban,1,Interstate,1,State Highway Agency,1,This section IS ON the NHS,0,No Special Jurisdiction,262,262,29.81101667,29.81101667,-94.94346389,-94.94346389,8,Pedestrian,0,The First Harmful Event was Not a Collision with a Motor Vehicle in Transport,1,Yes,20,Entrance/Exit Ramp,1,Not an Intersection,1,On Roadway,0,None,2,Dark - Not Lighted,1,Clear,0,No,0000000,Not Applicable,99,Unknown,99,Unknown,99,Unknown EMS Scene Arrival Hour,99,Unknown EMS Scene Arrival Minutes,99,Unknown,99,Unknown EMS Hospital Arrival Time,1
48,Texas,483148,1,1,1,1,0,1,1,339,MONTGOMERY (339),1510,CONROE,10,October,16,16,1,Sunday,2022,3,3:00am-3:59am,9,9,3RD ST,EAST PAULINE ST,6,Local Street - Municipality,2,Urban,7,Local,98,Not Reported,0,This section IS NOT on the NHS,0,No Special Jurisdiction,0,None,30.31936389,30.31936389,-95.45462222,-95.45462222,9,Pedalcyclist,0,The First Harmful Event was Not a Collision with a Motor Vehicle in Transport,0,No,2,Intersection,2,Four-Way Intersection,1,On Roadway,0,None,3,Dark - Lighted,1,Clear,0,No,0000000,Not Applicable,99,Unknown,98,Unknown if Notified,99,Unknown EMS Scene Arrival Hour,98,Unknown if Arrived,88,Not Applicable (Not Transported),88,Not Applicable (Not Transported),1
48,Texas,483149,1,1,1,1,0,1,1,29,BEXAR (29),6090,SAN ANTONIO,10,October,16,16,1,Sunday,2022,21,9:00pm-9:59pm,33,33,SR-151,NA,3,State Highway,2,Urban,2,Principal Arterial - Other Freeways and Expressways,98,Not Reported,1,This section IS ON the NHS,0,No Special Jurisdiction,51,51,29.43603889,29.43603889,-98.65155,-98.65155,8,Pedestrian,0,The First Harmful Event was Not a Collision with a Motor Vehicle in Transport,1,Yes,18,Through Roadway,1,Not an Intersection,1,On Roadway,0,None,3,Dark - Lighted,1,Clear,0,No,0000000,Not Applicable,99,Unknown,98,Unknown if Notified,99,Unknown EMS Scene Arrival Hour,98,Unknown if Arrived,88,Not Applicable (Not Transported),88,Not Applicable (Not Transported),1
48,Texas,483150,0,0,2,2,0,2,2,29,BEXAR (29),6090,SAN ANTONIO,10,October,23,23,1,Sunday,2022,23,11:00pm-11:59pm,47,47,FM 2696/BLANCO RD,NA,8,Other,2,Urban,4,Minor Arterial,98,Not Reported,0,This section IS NOT on the NHS,2,Military,94,94,29.64276667,29.64276667,-98.518875,-98.518875,12,Motor Vehicle In-Transport,6,Angle,0,No,7,Crossover-Related,1,Not an Intersection,1,On Roadway,0,None,3,Dark - Lighted,1,Clear,0,No,0000000,Not Applicable,99,Unknown,99,Unknown,99,Unknown EMS Scene Arrival Hour,99,Unknown EMS Scene Arrival Minutes,99,Unknown,99,Unknown EMS Hospital Arrival Time,1
48,Texas,483151,0,0,2,2,0,3,3,237,JACK (237),0,NOT APPLICABLE,10,October,15,15,7,Saturday,2022,21,9:00pm-9:59pm,10,10,SR-199,FM 2210,3,State Highway,1,Rural,3,Principal Arterial - Other,98,Not Reported,1,This section IS ON the NHS,0,No Special Jurisdiction,103,103,33.0643,33.0643,-97.9398,-97.9398,12,Motor Vehicle In-Transport,6,Angle,0,No,2,Intersection,2,Four-Way Intersection,1,On Roadway,0,None,2,Dark - Not Lighted,1,Clear,0,No,0000000,Not Applicable,99,Unknown,99,Unknown,99,Unknown EMS Scene Arrival Hour,99,Unknown EMS Scene Arrival Minutes,99,Unknown,99,Unknown EMS Hospital Arrival Time,1
48,Texas,483152,0,0,2,2,0,2,2,85,COLLIN (85),2520,FRISCO,10,October,4,4,3,Tuesday,2022,22,10:00pm-10:59pm,2,2,SR-289/PRESTON RD,GAYLORD PKWY,3,State Highway,2,Urban,3,Principal Arterial - Other,98,Not Reported,1,This section IS ON the NHS,0,No Special Jurisdiction,228,228,33.10475278,33.10475278,-96.80555278,-96.80555278,12,Motor Vehicle In-Transport,6,Angle,0,No,2,Intersection,2,Four-Way Intersection,1,On Roadway,0,None,3,Dark - Lighted,1,Clear,0,No,0000000,Not Applicable,99,Unknown,99,Unknown,99,Unknown EMS Scene Arrival Hour,99,Unknown EMS Scene Arrival Minutes,99,Unknown,99,Unknown EMS Hospital Arrival Time,1
48,Texas,483153,1,1,3,3,0,3,3,113,DALLAS (113),3350,HUTCHINS,10,October,21,21,6,Friday,2022,0,0:00am-0:59am,20,20,I-45,NA,1,Interstate,2,Urban,1,Interstate,1,State Highway Agency,1,This section IS ON the NHS,0,No Special Jurisdiction,86,86,32.65764722,32.65764722,-96.72011111,-96.72011111,8,Pedestrian,0,The First Harmful Event was Not a Collision with a Motor Vehicle in Transport,1,Yes,18,Through Roadway,1,Not an Intersection,1,On Roadway,0,None,2,Dark - Not Lighted,1,Clear,0,No,0000000,Not Applicable,99,Unknown,98,Unknown if Notified,99,Unknown EMS Scene Arrival Hour,98,Unknown if Arrived,88,Not Applicable (Not Transported),88,Not Applicable (Not Transported),1
48,Texas,483154,0,0,2,2,0,3,3,5,ANGELINA (5),0,NOT APPLICABLE,10,October,7,7,6,Friday,2022,6,6:00am-6:59am,0,0,SR-94,CR-EASON LAKE RD,3,State Highway,1,Rural,4,Minor Arterial,98,Not Reported,0,This section IS NOT on the NHS,0,No Special Jurisdiction,18,18,31.29176944,31.29176944,-94.87295556,-94.87295556,12,Motor Vehicle In-Transport,2,Front-to-Front,0,No,3,Intersection-Related,3,T-Intersection,1,On Roadway,0,None,2,Dark - Not Lighted,1,Clear,0,No,0000000,Not Applicable,99,Unknown,99,Unknown,99,Unknown EMS Scene Arrival Hour,99,Unknown EMS Scene Arrival Minutes,99,Unknown,99,Unknown EMS Hospital Arrival Time,1
48,Texas,483155,0,0,2,2,0,2,2,289,LEON (289),0,NOT APPLICABLE,10,October,17,17,2,Monday,2022,13,1:00pm-1:59pm,24,24,I-45,NA,1,Interstate,1,Rural,1,Interstate,1,State Highway Agency,1,This section IS ON the NHS,0,No Special Jurisdiction,138,138,31.28619444,31.28619444,-95.99381944,-95.99381944,12,Motor Vehicle In-Transport,1,Front-to-Rear,0,No,1,Non-Junction,1,Not an Intersection,1,On Roadway,1,Construction,1,Daylight,1,Clear,0,No,0000000,Not Applicable,99,Unknown,99,Unknown,99,Unknown EMS Scene Arrival Hour,99,Unknown EMS Scene Arrival Minutes,99,Unknown,99,Unknown EMS Hospital Arrival Time,1
48,Texas,483156,1,1,2,2,0,3,3,5,ANGELINA (5),0,NOT APPLICABLE,10,October,19,19,4,Wednesday,2022,22,10:00pm-10:59pm,10,10,US-69,NA,2,US Highway,1,Rural,3,Principal Arterial - Other,98,Not Reported,1,This section IS ON the NHS,0,No Special Jurisdiction,186,186,31.42086944,31.42086944,-94.80533056,-94.80533056,8,Pedestrian,0,The First Harmful Event was Not a Collision with a Motor Vehicle in Transport,0,No,1,Non-Junction,1,Not an Intersection,1,On Roadway,0,None,2,Dark - Not Lighted,1,Clear,0,No,0000000,Not Applicable,99,Unknown,98,Unknown if Notified,99,Unknown EMS Scene Arrival Hour,98,Unknown if Arrived,88,Not Applicable (Not Transported),88,Not Applicable (Not Transported),1
48,Texas,483157,0,0,2,2,0,4,4,181,GRAYSON (181),6056,SADLER,10,October,23,23,1,Sunday,2022,11,11:00am-11:59am,45,45,FM 901,US-82,8,Other,1,Rural,5,Major Collector,98,Not Reported,0,This section IS NOT on the NHS,0,No Special Jurisdiction,58,58,33.67238333,33.67238333,-96.84741389,-96.84741389,12,Motor Vehicle In-Transport,6,Angle,1,Yes,2,Intersection,2,Four-Way Intersection,1,On Roadway,0,None,1,Daylight,1,Clear,0,No,0000000,Not Applicable,99,Unknown,99,Unknown,99,Unknown EMS Scene Arrival Hour,99,Unknown EMS Scene Arrival Minutes,99,Unknown,99,Unknown EMS Hospital Arrival Time,1
48,Texas,483158,0,0,2,2,0,3,3,113,DALLAS (113),1240,CEDAR HILL,10,October,12,12,4,Wednesday,2022,20,8:00pm-8:59pm,46,46,FM 1382,NEW CLARK RD,8,Other,2,Urban,3,Principal Arterial - Other,98,Not Reported,1,This section IS ON the NHS,0,No Special Jurisdiction,104,104,32.61338056,32.61338056,-96.96724444,-96.96724444,33,Curb,0,The First Harmful Event was Not a Collision with a Motor Vehicle in Transport,0,No,3,Intersection-Related,2,Four-Way Intersection,3,On Median,0,None,3,Dark - Lighted,1,Clear,0,No,0000000,Not Applicable,99,Unknown,99,Unknown,99,Unknown EMS Scene Arrival Hour,99,Unknown EMS Scene Arrival Minutes,99,Unknown,99,Unknown EMS Hospital Arrival Time,1
48,Texas,483159,1,1,1,1,0,1,1,29,BEXAR (29),6090,SAN ANTONIO,10,October,18,18,3,Tuesday,2022,20,8:00pm-8:59pm,41,41,US-90,NA,2,US Highway,2,Urban,2,Principal Arterial - Other Freeways and Expressways,98,Not Reported,1,This section IS ON the NHS,0,No Special Jurisdiction,69,69,29.40408889,29.40408889,-98.54983333,-98.54983333,8,Pedestrian,0,The First Harmful Event was Not a Collision with a Motor Vehicle in Transport,0,No,1,Non-Junction,1,Not an Intersection,1,On Roadway,0,None,3,Dark - Lighted,10,Cloudy,0,No,0000000,Not Applicable,99,Unknown,99,Unknown,99,Unknown EMS Scene Arrival Hour,99,Unknown EMS Scene Arrival Minutes,88,Not Applicable (Not Transported),88,Not Applicable (Not Transported),1
48,Texas,483160,1,1,1,1,0,1,1,453,TRAVIS (453),330,AUSTIN,5,May,21,21,7,Saturday,2022,3,3:00am-3:59am,46,46,E US 290 SVRD EB,NA,6,Local Street - Municipality,2,Urban,5,Major Collector,98,Not Reported,0,This section IS NOT on the NHS,0,No Special Jurisdiction,36,36,30.32140556,30.32140556,-97.68517778,-97.68517778,8,Pedestrian,0,The First Harmful Event was Not a Collision with a Motor Vehicle in Transport,0,No,1,Non-Junction,1,Not an Intersection,1,On Roadway,0,None,2,Dark - Not Lighted,1,Clear,0,No,0000000,Not Applicable,99,Unknown,99,Unknown,99,Unknown EMS Scene Arrival Hour,99,Unknown EMS Scene Arrival Minutes,99,Unknown,99,Unknown EMS Hospital Arrival Time,1
48,Texas,483161,0,0,2,1,1,3,3,113,DALLAS (113),2800,GRAND PRAIRIE,10,October,18,18,3,Tuesday,2022,20,8:00pm-8:59pm,4,4,FM 1382,HOLLY HILL DR,8,Other,2,Urban,3,Principal Arterial - Other,98,Not Reported,1,This section IS ON the NHS,0,No Special Jurisdiction,51,51,32.682075,32.682075,-96.98528889,-96.98528889,33,Curb,0,The First Harmful Event was Not a Collision with a Motor Vehicle in Transport,0,No,3,Intersection-Related,2,Four-Way Intersection,4,On Roadside,0,None,3,Dark - Lighted,1,Clear,0,No,0000000,Not Applicable,99,Unknown,99,Unknown,99,Unknown EMS Scene Arrival Hour,99,Unknown EMS Scene Arrival Minutes,99,Unknown,99,Unknown EMS Hospital Arrival Time,1
48,Texas,483162,0,0,2,2,0,2,2,475,WARD (475),0,NOT APPLICABLE,9,September,29,29,5,Thursday,2022,18,6:00pm-6:59pm,15,15,RM 2355,NA,8,Other,1,Rural,98,Not Reported,98,Not Reported,0,This section IS NOT on the NHS,0,No Special Jurisdiction,306,306,31.53246667,31.53246667,-103.135425,-103.135425,12,Motor Vehicle In-Transport,6,Angle,0,No,1,Non-Junction,1,Not an Intersection,1,On Roadway,0,None,1,Daylight,1,Clear,0,No,0000000,Not Applicable,99,Unknown,99,Unknown,99,Unknown EMS Scene Arrival Hour,99,Unknown EMS Scene Arrival Minutes,99,Unknown,99,Unknown EMS Hospital Arrival Time,1
48,Texas,483163,1,1,1,1,0,1,1,29,BEXAR (29),6090,SAN ANTONIO,10,October,19,19,4,Wednesday,2022,21,9:00pm-9:59pm,8,8,COMMERCE RD,NA,6,Local Street - Municipality,2,Urban,3,Principal Arterial - Other,98,Not Reported,0,This section IS NOT on the NHS,0,No Special Jurisdiction,0,None,29.42986389,29.42986389,-98.54594722,-98.54594722,8,Pedestrian,0,The First Harmful Event was Not a Collision with a Motor Vehicle in Transport,0,No,1,Non-Junction,1,Not an Intersection,1,On Roadway,0,None,3,Dark - Lighted,1,Clear,0,No,0000000,Not Applicable,99,Unknown,99,Unknown,99,Unknown EMS Scene Arrival Hour,99,Unknown EMS Scene Arrival Minutes,88,Not Applicable (Not Transported),88,Not Applicable (Not Transported),1
48,Texas,483164,0,0,1,1,0,1,1,29,BEXAR (29),6090,SAN ANTONIO,10,October,19,19,4,Wednesday,2022,2,2:00am-2:59am,32,32,RICE RD,NA,6,Local Street - Municipality,2,Urban,4,Minor Arterial,98,Not Reported,0,This section IS NOT on the NHS,0,No Special Jurisdiction,0,None,29.40915278,29.40915278,-98.40696111,-98.40696111,43,Other Fixed Object,0,The First Harmful Event was Not a Collision with a Motor Vehicle in Transport,0,No,1,Non-Junction,1,Not an Intersection,4,On Roadside,0,None,3,Dark - Lighted,1,Clear,0,No,0000000,Not Applicable,99,Unknown,99,Unknown,99,Unknown EMS Scene Arrival Hour,99,Unknown EMS Scene Arrival Minutes,88,Not Applicable (Not Transported),88,Not Applicable (Not Transported),1
48,Texas,483165,1,1,1,1,0,1,1,29,BEXAR (29),6090,SAN ANTONIO,10,October,17,17,2,Monday,2022,19,7:00pm-7:59pm,31,31,I-410 LOOP,NA,1,Interstate,2,Urban,1,Interstate,1,State Highway Agency,1,This section IS ON the NHS,0,No Special Jurisdiction,158,158,29.49098611,29.49098611,-98.55920556,-98.55920556,8,Pedestrian,0,The First Harmful Event was Not a Collision with a Motor Vehicle in Transport,0,No,1,Non-Junction,1,Not an Intersection,1,On Roadway,0,None,3,Dark - Lighted,1,Clear,0,No,0000000,Not Applicable,99,Unknown,99,Unknown,99,Unknown EMS Scene Arrival Hour,99,Unknown EMS Scene Arrival Minutes,88,Not Applicable (Not Transported),88,Not Applicable (Not Transported),1
48,Texas,483167,1,1,1,1,0,2,2,201,HARRIS (201),3280,HOUSTON,10,October,15,15,7,Saturday,2022,2,2:00am-2:59am,30,30,WESTHEIMER RD,WINROCK BLVD,6,Local Street - Municipality,2,Urban,3,Principal Arterial - Other,98,Not Reported,0,This section IS NOT on the NHS,0,No Special Jurisdiction,120,120,29.73771389,29.73771389,-95.49660556,-95.49660556,8,Pedestrian,0,The First Harmful Event was Not a Collision with a Motor Vehicle in Transport,0,No,3,Intersection-Related,2,Four-Way Intersection,1,On Roadway,0,None,3,Dark - Lighted,1,Clear,0,No,0000000,Not Applicable,99,Unknown,98,Unknown if Notified,99,Unknown EMS Scene Arrival Hour,98,Unknown if Arrived,88,Not Applicable (Not Transported),88,Not Applicable (Not Transported),1
48,Texas,483168,0,0,2,2,0,2,2,201,HARRIS (201),3280,HOUSTON,10,October,20,20,5,Thursday,2022,22,10:00pm-10:59pm,34,34,I-10/KATY FWY,NA,1,Interstate,2,Urban,1,Interstate,1,State Highway Agency,1,This section IS ON the NHS,0,No Special Jurisdiction,274,274,29.77886667,29.77886667,-95.37695833,-95.37695833,5,Fell/Jumped from Vehicle,0,The First Harmful Event was Not a Collision with a Motor Vehicle in Transport,1,Yes,18,Through Roadway,1,Not an Intersection,1,On Roadway,0,None,2,Dark - Not Lighted,1,Clear,0,No,0000000,Not Applicable,99,Unknown,98,Unknown if Notified,99,Unknown EMS Scene Arrival Hour,98,Unknown if Arrived,88,Not Applicable (Not Transported),88,Not Applicable (Not Transported),1