STATE,STATENAME,ST_CASE,PEDS,PERNOTMVIT,VE_TOTAL,VE_FORMS,PVH_INVL,PERSONS,PERMVIT,COUNTY,COUNTYNAME,CITY,CITYNAME,MONTH,MONTHNAME,DAY,DAYNAME,DAY_WEEK,DAY_WEEKNAME,YEAR,HOUR,HOURNAME,MINUTE,MINUTENAME,TWAY_ID,TWAY_ID2,ROUTE,ROUTENAME,RUR_URB,RUR_URBNAME,FUNC_SYS,FUNC_SYSNAME,RD_OWNER,RD_OWNERNAME,NHS,NHSNAME,SP_JUR,SP_JURNAME,MILEPT,MILEPTNAME,LATITUDE,LATITUDENAME,LONGITUD,LONGITUDNAME,HARM_EV,HARM_EVNAME,MAN_COLL,MAN_COLLNAME,RELJCT1,RELJCT1NAME,RELJCT2,RELJCT2NAME,TYP_INT,TYP_INTNAME,REL_ROAD,REL_ROADNAME,WRK_ZONE,WRK_ZONENAME,LGT_COND,LGT_CONDNAME,WEATHER,WEATHERNAME,SCH_BUS,SCH_BUSNAME,RAIL,RAILNAME,NOT_HOUR,NOT_HOURNAME,NOT_MIN,NOT_MINNAME,ARR_HOUR,ARR_HOURNAME,ARR_MIN,ARR_MINNAME,HOSP_HR,HOSP_HRNAME,HOSP_MN,HOSP_MNNAME,FATALS
48,Texas,483471,0,0,1,1,0,2,2,29,BEXAR (29),6090,SAN ANTONIO,11,November,15,15,3,Tuesday,2022,21,9:00pm-9:59pm,2,2,US-87/RIGSBY AVE,NA,2,US Highway,2,Urban,3,Principal Arterial - Other,98,Not Reported,1,This section IS ON the NHS,0,No Special Jurisdiction,36,36,29.39815,29.39815,-98.38587778,-98.38587778,7,Other Non-Collision,0,The First Harmful Event was Not a Collision with a Motor Vehicle in Transport,0,No,4,Driveway Access,1,Not an Intersection,1,On Roadway,0,None,3,Dark - Lighted,1,Clear,0,No,0000000,Not Applicable,99,Unknown,99,Unknown,99,Unknown EMS Scene Arrival Hour,99,Unknown EMS Scene Arrival Minutes,88,Not Applicable (Not Transported),88,Not Applicable (Not Transported),1
48,Texas,483472,0,0,1,1,0,1,1,141,EL PASO (141),2190,EL PASO,11,November,19,19,7,Saturday,2022,23,11:00pm-11:59pm,35,35,US-54/PATRIOT FWY,NA,2,US Highway,2,Urban,2,Principal Arterial - Other Freeways and Expressways,98,Not Reported,1,This section IS ON the NHS,0,No Special Jurisdiction,122,122,31.87083056,31.87083056,-106.44059444,-106.44059444,1,Rollover/Overturn,0,The First Harmful Event was Not a Collision with a Motor Vehicle in Transport,0,No,1,Non-Junction,1,Not an Intersection,8,Gore,0,None,3,Dark - Lighted,1,Clear,0,No,0000000,Not Applicable,99,Unknown,99,Unknown,99,Unknown EMS Scene Arrival Hour,99,Unknown EMS Scene Arrival Minutes,88,Not Applicable (Not Transported),88,Not Applicable (Not Transported),1
48,Texas,483473,0,0,2,2,0,2,2,139,ELLIS (139),2360,FERRIS,11,November,13,13,1,Sunday,2022,20,8:00pm-8:59pm,15,15,I-45,NA,1,Interstate,2,Urban,1,Interstate,1,State Highway Agency,1,This section IS ON the NHS,0,No Special Jurisdiction,225,225,32.544775,32.544775,-96.65888056,-96.65888056,12,Motor Vehicle In-Transport,1,Front-to-Rear,0,No,1,Non-Junction,1,Not an Intersection,1,On Roadway,0,None,2,Dark - Not Lighted,1,Clear,0,No,0000000,Not Applicable,99,Unknown,99,Unknown,99,Unknown EMS Scene Arrival Hour,99,Unknown EMS Scene Arrival Minutes,99,Unknown,99,Unknown EMS Hospital Arrival Time,1
48,Texas,483474,0,0,2,2,0,2,2,139,ELLIS (139),2360,FERRIS,11,November,20,20,1,Sunday,2022,2,2:00am-2:59am,2,2,I-45,NA,1,Interstate,2,Urban,1,Interstate,1,State Highway Agency,1,This section IS ON the NHS,0,No Special Jurisdiction,218,218,32.535072220000004,32.535072220000004,-96.65911667,-96.65911667,12,Motor Vehicle In-Transport,2,Front-to-Front,0,No,1,Non-Junction,1,Not an Intersection,1,On Roadway,0,None,2,Dark - Not Lighted,1,Clear,0,No,0000000,Not Applicable,2,2:00am-2:59am,5,5,2,2:00am-2:59am,22,22,2,2:00am-2:59am,57,57,1
48,Texas,483475,0,0,1,1,0,1,1,113,DALLAS (113),4530,MESQUITE,11,November,21,21,2,Monday,2022,2,2:00am-2:59am,25,25,I-635/LYNDON B JOHNSON HWY,NA,1,Interstate,2,Urban,1,Interstate,1,State Highway Agency,1,This section IS ON the NHS,0,No Special Jurisdiction,72,72,32.79825278,32.79825278,-96.62561389,-96.62561389,59,Traffic Sign Support,0,The First Harmful Event was Not a Collision with a Motor Vehicle in Transport,0,No,1,Non-Junction,1,Not an Intersection,10,Separator,0,None,3,Dark - Lighted,10,Cloudy,0,No,0000000,Not Applicable,99,Unknown,99,Unknown,99,Unknown EMS Scene Arrival Hour,99,Unknown EMS Scene Arrival Minutes,99,Unknown,99,Unknown EMS Hospital Arrival Time,1
48,Texas,483476,0,0,1,1,0,1,1,37,BOWIE (37),6850,TEXARKANA,11,November,11,11,6,Friday,2022,23,11:00pm-11:59pm,31,31,US-82/NEW BOSTON RD,NA,2,US Highway,2,Urban,3,Principal Arterial - Other,98,Not Reported,1,This section IS ON the NHS,0,No Special Jurisdiction,123,123,33.43508056,33.43508056,-94.07190833,-94.07190833,30,Utility Pole/Light Support,0,The First Harmful Event was Not a Collision with a Motor Vehicle in Transport,0,No,1,Non-Junction,1,Not an Intersection,4,On Roadside,0,None,3,Dark - Lighted,2,Rain,0,No,0000000,Not Applicable,99,Unknown,98,Unknown if Notified,99,Unknown EMS Scene Arrival Hour,98,Unknown if Arrived,88,Not Applicable (Not Transported),88,Not Applicable (Not Transported),1
48,Texas,483477,0,0,1,1,0,1,1,453,TRAVIS (453),330,AUSTIN,9,September,17,17,7,Saturday,2022,20,8:00pm-8:59pm,33,33,I-35,NA,1,Interstate,2,Urban,1,Interstate,1,State Highway Agency,1,This section IS ON the NHS,0,No Special Jurisdiction,118,118,30.18974444,30.18974444,-97.77078333,-97.77078333,30,Utility Pole/Light Support,0,The First Harmful Event was Not a Collision with a Motor Vehicle in Transport,0,No,1,Non-Junction,1,Not an Intersection,4,On Roadside,0,None,3,Dark - Lighted,1,Clear,0,No,0000000,Not Applicable,99,Unknown,98,Unknown if Notified,99,Unknown EMS Scene Arrival Hour,98,Unknown if Arrived,88,Not Applicable (Not Transported),88,Not Applicable (Not Transported),1
48,Texas,483478,0,0,1,1,0,2,2,493,WILSON (493),0,NOT APPLICABLE,11,November,12,12,7,Saturday,2022,2,2:00am-2:59am,56,56,CR-427,FM 3335,4,County Road,1,Rural,5,Major Collector,98,Not Reported,0,This section IS NOT on the NHS,0,No Special Jurisdiction,0,None,29.27935556,29.27935556,-97.94495,-97.94495,38,Fence,0,The First Harmful Event was Not a Collision with a Motor Vehicle in Transport,0,No,3,Intersection-Related,4,Y-Intersection,5,Outside Trafficway,0,None,2,Dark - Not Lighted,1,Clear,0,No,0000000,Not Applicable,99,Unknown,99,Unknown,99,Unknown EMS Scene Arrival Hour,99,Unknown EMS Scene Arrival Minutes,99,Unknown,99,Unknown EMS Hospital Arrival Time,2
48,Texas,483479,0,0,1,1,0,1,1,493,WILSON (493),0,NOT APPLICABLE,11,November,12,12,7,Saturday,2022,6,6:00am-6:59am,45,45,FM 775,NA,8,Other,1,Rural,5,Major Collector,98,Not Reported,0,This section IS NOT on the NHS,0,No Special Jurisdiction,31,31,29.25885556,29.25885556,-98.18851944,-98.18851944,42,Tree (Standing Only),0,The First Harmful Event was Not a Collision with a Motor Vehicle in Transport,0,No,1,Non-Junction,1,Not an Intersection,4,On Roadside,0,None,1,Daylight,1,Clear,0,No,0000000,Not Applicable,99,Unknown,98,Unknown if Notified,99,Unknown EMS Scene Arrival Hour,98,Unknown if Arrived,88,Not Applicable (Not Transported),88,Not Applicable (Not Transported),1
48,Texas,483480,0,0,3,3,0,5,5,201,HARRIS (201),3280,HOUSTON,11,November,16,16,4,Wednesday,2022,15,3:00pm-3:59pm,21,21,SR-8 LOOP/SAM HOUSTON PKWY,NA,7,Local Street - Frontage Road,2,Urban,3,Principal Arterial - Other,98,Not Reported,1,This section IS ON the NHS,0,No Special Jurisdiction,99998,Not Reported,29.63433611,29.63433611,-95.52790556,-95.52790556,12,Motor Vehicle In-Transport,1,Front-to-Rear,0,No,1,Non-Junction,1,Not an Intersection,1,On Roadway,0,None,1,Daylight,1,Clear,0,No,0000000,Not Applicable,99,Unknown,99,Unknown,99,Unknown EMS Scene Arrival Hour,99,Unknown EMS Scene Arrival Minutes,99,Unknown,99,Unknown EMS Hospital Arrival Time,1
48,Texas,483481,0,0,1,1,0,1,1,113,DALLAS (113),2590,GARLAND,10,October,23,23,1,Sunday,2022,10,10:00am-10:59am,55,55,PLEASANT VALLEY RD,NA,6,Local Street - Municipality,2,Urban,4,Minor Arterial,98,Not Reported,0,This section IS NOT on the NHS,0,No Special Jurisdiction,0,None,32.937425,32.937425,-96.60363611,-96.60363611,42,Tree (Standing Only),0,The First Harmful Event was Not a Collision with a Motor Vehicle in Transport,0,No,1,Non-Junction,1,Not an Intersection,4,On Roadside,1,Construction,1,Daylight,1,Clear,0,No,0000000,Not Applicable,99,Unknown,99,Unknown,99,Unknown EMS Scene Arrival Hour,99,Unknown EMS Scene Arrival Minutes,99,Unknown,99,Unknown EMS Hospital Arrival Time,1
48,Texas,483482,0,0,1,1,0,1,1,201,HARRIS (201),3280,HOUSTON,11,November,4,4,6,Friday,2022,13,1:00pm-1:59pm,14,14,I-45,NA,1,Interstate,2,Urban,1,Interstate,1,State Highway Agency,1,This section IS ON the NHS,0,No Special Jurisdiction,242,242,29.76258333,29.76258333,-95.37185,-95.37185,25,Concrete Traffic Barrier,0,The First Harmful Event was Not a Collision with a Motor Vehicle in Transport,1,Yes,5,Entrance/Exit Ramp Related,1,Not an Intersection,4,On Roadside,0,None,1,Daylight,1,Clear,0,No,0000000,Not Applicable,99,Unknown,99,Unknown,99,Unknown EMS Scene Arrival Hour,99,Unknown EMS Scene Arrival Minutes,99,Unknown,99,Unknown EMS Hospital Arrival Time,1
48,Texas,483483,1,1,1,1,0,1,1,201,HARRIS (201),0,NOT APPLICABLE,11,November,4,4,6,Friday,2022,15,3:00pm-3:59pm,50,50,CR-WOODFOREST BLVD,NA,4,County Road,2,Urban,4,Minor Arterial,98,Not Reported,0,This section IS NOT on the NHS,0,No Special Jurisdiction,0,None,29.79050278,29.79050278,-95.15982778,-95.15982778,9,Pedalcyclist,0,The First Harmful Event was Not a Collision with a Motor Vehicle in Transport,0,No,4,Driveway Access,1,Not an Intersection,1,On Roadway,0,None,1,Daylight,10,Cloudy,0,No,0000000,Not Applicable,99,Unknown,99,Unknown,99,Unknown EMS Scene Arrival Hour,99,Unknown EMS Scene Arrival Minutes,99,Unknown,99,Unknown EMS Hospital Arrival Time,1
48,Texas,483484,0,0,1,1,0,1,1,113,DALLAS (113),1730,DALLAS,10,October,21,21,6,Friday,2022,7,7:00am-7:59am,22,22,BELTLINE RD,NA,6,Local Street - Municipality,2,Urban,3,Principal Arterial - Other,98,Not Reported,0,This section IS NOT on the NHS,0,No Special Jurisdiction,0,None,32.95089167,32.95089167,-96.7761,-96.7761,42,Tree (Standing Only),0,The First Harmful Event was Not a Collision with a Motor Vehicle in Transport,0,No,1,Non-Junction,1,Not an Intersection,3,On Median,0,None,1,Daylight,1,Clear,0,No,0000000,Not Applicable,99,Unknown,99,Unknown,99,Unknown EMS Scene Arrival Hour,99,Unknown EMS Scene Arrival Minutes,99,Unknown,99,Unknown EMS Hospital Arrival Time,1
48,Texas,483485,0,0,1,1,0,1,1,201,HARRIS (201),3280,HOUSTON,10,October,20,20,5,Thursday,2022,15,3:00pm-3:59pm,40,40,CULLEN BLVD,NA,6,Local Street - Municipality,2,Urban,4,Minor Arterial,98,Not Reported,0,This section IS NOT on the NHS,0,No Special Jurisdiction,0,None,29.72044722,29.72044722,-95.34764444,-95.34764444,1,Rollover/Overturn,0,The First Harmful Event was Not a Collision with a Motor Vehicle in Transport,0,No,1,Non-Junction,1,Not an Intersection,1,On Roadway,0,None,1,Daylight,1,Clear,0,No,0000000,Not Applicable,99,Unknown,99,Unknown,99,Unknown EMS Scene Arrival Hour,99,Unknown EMS Scene Arrival Minutes,99,Unknown,99,Unknown EMS Hospital Arrival Time,1
48,Texas,483486,0,0,2,2,0,5,5,113,DALLAS (113),1730,DALLAS,11,November,7,7,2,Monday,2022,11,11:00am-11:59am,10,10,ROYAL LN,ROSSER RD,6,Local Street - Municipality,2,Urban,4,Minor Arterial,98,Not Reported,0,This section IS NOT on the NHS,0,No Special Jurisdiction,0,None,32.89500833,32.89500833,-96.84680556,-96.84680556,12,Motor Vehicle In-Transport,6,Angle,0,No,2,Intersection,2,Four-Way Intersection,1,On Roadway,0,None,1,Daylight,10,Cloudy,0,No,0000000,Not Applicable,99,Unknown,99,Unknown,99,Unknown EMS Scene Arrival Hour,99,Unknown EMS Scene Arrival Minutes,99,Unknown,99,Unknown EMS Hospital Arrival Time,1
48,Texas,483487,0,0,1,1,0,1,1,229,HUDSPETH (229),0,NOT APPLICABLE,10,October,19,19,4,Wednesday,2022,3,3:00am-3:59am,12,12,I-10/TEXAS MOUNTAIN TRL,NA,1,Interstate,1,Rural,1,Interstate,1,State Highway Agency,1,This section IS ON the NHS,0,No Special Jurisdiction,398,398,31.19773611,31.19773611,-105.4498,-105.4498,43,Other Fixed Object,0,The First Harmful Event was Not a Collision with a Motor Vehicle in Transport,0,No,1,Non-Junction,1,Not an Intersection,3,On Median,0,None,2,Dark - Not Lighted,1,Clear,0,No,0000000,Not Applicable,99,Unknown,98,Unknown if Notified,99,Unknown EMS Scene Arrival Hour,98,Unknown if Arrived,88,Not Applicable (Not Transported),88,Not Applicable (Not Transported),1
48,Texas,483488,1,1,1,1,0,1,1,113,DALLAS (113),1730,DALLAS,11,November,9,9,4,Wednesday,2022,6,6:00am-6:59am,30,30,HAMPTON RD,NA,6,Local Street - Municipality,2,Urban,3,Principal Arterial - Other,98,Not Reported,0,This section IS NOT on the NHS,0,No Special Jurisdiction,0,None,32.72166944,32.72166944,-96.85698333,-96.85698333,8,Pedestrian,0,The First Harmful Event was Not a Collision with a Motor Vehicle in Transport,0,No,1,Non-Junction,1,Not an Intersection,1,On Roadway,0,None,3,Dark - Lighted,10,Cloudy,0,No,0000000,Not Applicable,99,Unknown,99,Unknown,99,Unknown EMS Scene Arrival Hour,99,Unknown EMS Scene Arrival Minutes,99,Unknown,99,Unknown EMS Hospital Arrival Time,1
48,Texas,483489,1,1,1,1,0,1,1,113,DALLAS (113),1730,DALLAS,10,October,31,31,2,Monday,2022,22,10:00pm-10:59pm,30,30,SR-352/SCYENE RD,NA,3,State Highway,2,Urban,3,Principal Arterial - Other,98,Not Reported,1,This section IS ON the NHS,0,No Special Jurisdiction,2,2,32.76681111,32.76681111,-96.74871111,-96.74871111,8,Pedestrian,0,The First Harmful Event was Not a Collision with a Motor Vehicle in Transport,0,No,1,Non-Junction,1,Not an Intersection,1,On Roadway,0,None,3,Dark - Lighted,10,Cloudy,0,No,0000000,Not Applicable,99,Unknown,99,Unknown,99,Unknown EMS Scene Arrival Hour,99,Unknown EMS Scene Arrival Minutes,99,Unknown,99,Unknown EMS Hospital Arrival Time,1
48,Texas,483491,0,0,2,1,1,4,4,139,ELLIS (139),0,NOT APPLICABLE,11,November,13,13,1,Sunday,2022,3,3:00am-3:59am,55,55,CR-GOODWYN RD,NA,4,County Road,1,Rural,7,Local,98,Not Reported,0,This section IS NOT on the NHS,0,No Special Jurisdiction,0,None,32.19721667,32.19721667,-96.77395278,-96.77395278,14,Parked Motor Vehicle,0,The First Harmful Event was Not a Collision with a Motor Vehicle in Transport,0,No,1,Non-Junction,1,Not an Intersection,4,On Roadside,0,None,2,Dark - Not Lighted,1,Clear,0,No,0000000,Not Applicable,99,Unknown,99,Unknown,99,Unknown EMS Scene Arrival Hour,99,Unknown EMS Scene Arrival Minutes,99,Unknown,99,Unknown EMS Hospital Arrival Time,1
48,Texas,483492,1,1,1,1,0,1,1,439,TARRANT (439),2450,FORT WORTH,11,November,16,16,4,Wednesday,2022,8,8:00am-8:59am,30,30,I-30/WEST FWY,NA,1,Interstate,2,Urban,1,Interstate,1,State Highway Agency,1,This section IS ON the NHS,0,No Special Jurisdiction,136,136,32.73631944,32.73631944,-97.48833333,-97.48833333,8,Pedestrian,0,The First Harmful Event was Not a Collision with a Motor Vehicle in Transport,1,Yes,18,Through Roadway,1,Not an Intersection,1,On Roadway,0,None,3,Dark - Lighted,1,Clear,0,No,0000000,Not Applicable,99,Unknown,98,Unknown if Notified,99,Unknown EMS Scene Arrival Hour,98,Unknown if Arrived,88,Not Applicable (Not Transported),88,Not Applicable (Not Transported),1
48,Texas,483493,0,0,2,1,1,1,1,453,TRAVIS (453),330,AUSTIN,11,November,22,22,3,Tuesday,2022,11,11:00am-11:59am,34,34,MEARNS MEADOW BLVD,NA,6,Local Street - Municipality,2,Urban,5,Major Collector,98,Not Reported,0,This section IS NOT on the NHS,0,No Special Jurisdiction,0,None,30.38154722,30.38154722,-97.709225,-97.709225,14,Parked Motor Vehicle,0,The First Harmful Event was Not a Collision with a Motor Vehicle in Transport,0,No,1,Non-Junction,1,Not an Intersection,7,In Parking Lane/Zone,0,None,1,Daylight,10,Cloudy,0,No,0000000,Not Applicable,99,Unknown,99,Unknown,99,Unknown EMS Scene Arrival Hour,99,Unknown EMS Scene Arrival Minutes,99,Unknown,99,Unknown EMS Hospital Arrival Time,1
48,Texas,483494,0,0,1,1,0,1,1,327,MENARD (327),0,NOT APPLICABLE,11,November,21,21,2,Monday,2022,11,11:00am-11:59am,36,36,US-190,NA,2,US Highway,1,Rural,4,Minor Arterial,98,Not Reported,0,This section IS NOT on the NHS,0,No Special Jurisdiction,32,32,30.95716111,30.95716111,-99.73098611,-99.73098611,42,Tree (Standing Only),0,The First Harmful Event was Not a Collision with a Motor Vehicle in Transport,0,No,1,Non-Junction,1,Not an Intersection,4,On Roadside,0,None,1,Daylight,2,Rain,0,No,0000000,Not Applicable,99,Unknown,98,Unknown if Notified,99,Unknown EMS Scene Arrival Hour,98,Unknown if Arrived,88,Not Applicable (Not Transported),88,Not Applicable (Not Transported),1
48,Texas,483495,2,2,1,1,0,2,2,439,TARRANT (439),260,ARLINGTON,11,November,20,20,1,Sunday,2022,22,10:00pm-10:59pm,17,17,PARK ROW DR,SUSAN DR,6,Local Street - Municipality,2,Urban,4,Minor Arterial,98,Not Reported,0,This section IS NOT on the NHS,0,No Special Jurisdiction,0,None,32.72079444,32.72079444,-97.05706389,-97.05706389,8,Pedestrian,0,The First Harmful Event was Not a Collision with a Motor Vehicle in Transport,0,No,3,Intersection-Related,2,Four-Way Intersection,1,On Roadway,0,None,2,Dark - Not Lighted,2,Rain,0,No,0000000,Not Applicable,99,Unknown,99,Unknown,99,Unknown EMS Scene Arrival Hour,99,Unknown EMS Scene Arrival Minutes,99,Unknown,99,Unknown EMS Hospital Arrival Time,1
48,Texas,483496,0,0,2,2,0,2,2,201,HARRIS (201),0,NOT APPLICABLE,11,November,19,19,7,Saturday,2022,0,0:00am-0:59am,50,50,ROTHWOOD RD,NA,6,Local Street - Municipality,2,Urban,7,Local,98,Not Reported,0,This section IS NOT on the NHS,0,No Special Jurisdiction,0,None,30.08713889,30.08713889,-95.49300278,-95.49300278,1,Rollover/Overturn,0,The First Harmful Event was Not a Collision with a Motor Vehicle in Transport,0,No,1,Non-Junction,1,Not an Intersection,1,On Roadway,0,None,2,Dark - Not Lighted,10,Cloudy,0,No,0000000,Not Applicable,99,Unknown,98,Unknown if Notified,99,Unknown EMS Scene Arrival Hour,98,Unknown if Arrived,88,Not Applicable (Not Transported),88,Not Applicable (Not Transported),1
48,Texas,483497,1,1,2,2,0,2,2,99,CORYELL (99),0,NOT APPLICABLE,11,November,17,17,5,Thursday,2022,3,3:00am-3:59am,57,57,I-14,NA,1,Interstate,2,Urban,1,Interstate,1,State Highway Agency,1,This section IS ON the NHS,0,No Special Jurisdiction,80,80,31.12206667,31.12206667,-97.81792222,-97.81792222,8,Pedestrian,0,The First Harmful Event was Not a Collision with a Motor Vehicle in Transport,1,Yes,18,Through Roadway,1,Not an Intersection,1,On Roadway,0,None,2,Dark - Not Lighted,10,Cloudy,0,No,0000000,Not Applicable,99,Unknown,98,Unknown if Notified,99,Unknown EMS Scene Arrival Hour,98,Unknown if Arrived,88,Not Applicable (Not Transported),88,Not Applicable (Not Transported),1
48,Texas,483498,2,2,1,1,0,1,1,245,JEFFERSON (245),0,NOT APPLICABLE,11,November,13,13,1,Sunday,2022,21,9:00pm-9:59pm,40,40,I-10,NA,1,Interstate,2,Urban,1,Interstate,1,State Highway Agency,1,This section IS ON the NHS,0,No Special Jurisdiction,128,128,29.98985556,29.98985556,-94.20577778,-94.20577778,8,Pedestrian,0,The First Harmful Event was Not a Collision with a Motor Vehicle in Transport,0,No,1,Non-Junction,1,Not an Intersection,1,On Roadway,1,Construction,2,Dark - Not Lighted,1,Clear,0,No,0000000,Not Applicable,99,Unknown,98,Unknown if Notified,99,Unknown EMS Scene Arrival Hour,98,Unknown if Arrived,88,Not Applicable (Not Transported),88,Not Applicable (Not Transported),2
48,Texas,483499,0,0,1,1,0,6,6,139,ELLIS (139),0,NOT APPLICABLE,10,October,23,23,1,Sunday,2022,3,3:00am-3:59am,15,15,I-35E,NA,1,Interstate,1,Rural,1,Interstate,1,State Highway Agency,1,This section IS ON the NHS,0,No Special Jurisdiction,97,97,32.22028056,32.22028056,-96.88815556,-96.88815556,58,Ground,0,The First Harmful Event was Not a Collision with a Motor Vehicle in Transport,1,Yes,19,Other location within Interchange Area,1,Not an Intersection,10,Separator,0,None,2,Dark - Not Lighted,10,Cloudy,0,No,0000000,Not Applicable,99,Unknown,99,Unknown,99,Unknown EMS Scene Arrival Hour,99,Unknown EMS Scene Arrival Minutes,99,Unknown,99,Unknown EMS Hospital Arrival Time,1
48,Texas,483500,0,0,1,1,0,2,2,329,MIDLAND (329),4560,MIDLAND,11,November,13,13,1,Sunday,2022,3,3:00am-3:59am,33,33,BI-20/FRONT ST,NA,8,Other,2,Urban,5,Major Collector,98,Not Reported,0,This section IS NOT on the NHS,0,No Special Jurisdiction,33,33,31.995325,31.995325,-102.07586389,-102.07586389,38,Fence,0,The First Harmful Event was Not a Collision with a Motor Vehicle in Transport,0,No,1,Non-Junction,1,Not an Intersection,5,Outside Trafficway,0,None,3,Dark - Lighted,10,Cloudy,0,No,0000000,Not Applicable,99,Unknown,99,Unknown,99,Unknown EMS Scene Arrival Hour,99,Unknown EMS Scene Arrival Minutes,99,Unknown,99,Unknown EMS Hospital Arrival Time,2
48,Texas,483501,0,0,1,1,0,1,1,113,DALLAS (113),1730,DALLAS,11,November,9,9,4,Wednesday,2022,3,3:00am-3:59am,33,33,PARK LN,NA,6,Local Street - Municipality,2,Urban,5,Major Collector,98,Not Reported,0,This section IS NOT on the NHS,0,No Special Jurisdiction,0,None,32.87186944,32.87186944,-96.77129167,-96.77129167,42,Tree (Standing Only),0,The First Harmful Event was Not a Collision with a Motor Vehicle in Transport,0,No,1,Non-Junction,1,Not an Intersection,3,On Median,0,None,3,Dark - Lighted,10,Cloudy,0,No,0000000,Not Applicable,99,Unknown,99,Unknown,99,Unknown EMS Scene Arrival Hour,99,Unknown EMS Scene Arrival Minutes,99,Unknown,99,Unknown EMS Hospital Arrival Time,1
48,Texas,483502,0,0,1,1,0,1,1,27,BELL (27),0,NOT APPLICABLE,11,November,10,10,5,Thursday,2022,16,4:00pm-4:59pm,12,12,SR-95,NA,3,State Highway,1,Rural,4,Minor Arterial,98,Not Reported,0,This section IS NOT on the NHS,0,No Special Jurisdiction,13,13,30.95369444,30.95369444,-97.35083333,-97.35083333,32,Culvert,0,The First Harmful Event was Not a Collision with a Motor Vehicle in Transport,0,No,1,Non-Junction,1,Not an Intersection,4,On Roadside,0,None,1,Daylight,1,Clear,0,No,0000000,Not Applicable,99,Unknown,99,Unknown,99,Unknown EMS Scene Arrival Hour,99,Unknown EMS Scene Arrival Minutes,99,Unknown,99,Unknown EMS Hospital Arrival Time,1
48,Texas,483503,0,0,2,2,0,2,2,215,HIDALGO (215),3165,HIDALGO,11,November,17,17,5,Thursday,2022,7,7:00am-7:59am,32,32,SR-336,FLORES AVE,3,State Highway,2,Urban,3,Principal Arterial - Other,98,Not Reported,1,This section IS ON the NHS,0,No Special Jurisdiction,0,None,26.116075,26.116075,-98.24510833,-98.24510833,12,Motor Vehicle In-Transport,2,Front-to-Front,0,No,3,Intersection-Related,3,T-Intersection,1,On Roadway,0,None,4,Dawn,2,Rain,0,No,0000000,Not Applicable,99,Unknown,99,Unknown,99,Unknown EMS Scene Arrival Hour,99,Unknown EMS Scene Arrival Minutes,99,Unknown,99,Unknown EMS Hospital Arrival Time,1
48,Texas,483504,0,0,3,3,0,4,4,171,GILLESPIE (171),0,NOT APPLICABLE,11,November,17,17,5,Thursday,2022,7,7:00am-7:59am,52,52,US-87,NA,2,US Highway,1,Rural,3,Principal Arterial - Other,98,Not Reported,1,This section IS ON the NHS,0,No Special Jurisdiction,227,227,30.21211389,30.21211389,-98.87001389,-98.87001389,12,Motor Vehicle In-Transport,1,Front-to-Rear,0,No,8,Driveway Access Related,1,Not an Intersection,1,On Roadway,0,None,1,Daylight,10,Cloudy,0,No,0000000,Not Applicable,99,Unknown,99,Unknown,99,Unknown EMS Scene Arrival Hour,99,Unknown EMS Scene Arrival Minutes,99,Unknown,99,Unknown EMS Hospital Arrival Time,1
48,Texas,483505,1,1,2,2,0,3,3,215,HIDALGO (215),5330,PHARR,11,November,24,24,5,Thursday,2022,22,10:00pm-10:59pm,14,14,CAGE BLVD,NA,6,Local Street - Municipality,2,Urban,3,Principal Arterial - Other,98,Not Reported,1,This section IS ON the NHS,0,No Special Jurisdiction,423,423,26.1813,26.1813,-98.18614722,-98.18614722,8,Pedestrian,0,The First Harmful Event was Not a Collision with a Motor Vehicle in Transport,0,No,1,Non-Junction,1,Not an Intersection,2,On Shoulder,0,None,3,Dark - Lighted,2,Rain,0,No,0000000,Not Applicable,99,Unknown,99,Unknown,99,Unknown EMS Scene Arrival Hour,99,Unknown EMS Scene Arrival Minutes,99,Unknown,99,Unknown EMS Hospital Arrival Time,1
48,Texas,483507,0,0,1,1,0,5,5,245,JEFFERSON (245),490,BEAUMONT,11,November,20,20,1,Sunday,2022,3,3:00am-3:59am,43,43,FM 364,I-30,8,Other,2,Urban,4,Minor Arterial,98,Not Reported,0,This section IS NOT on the NHS,0,No Special Jurisdiction,189,189,30.00797778,30.00797778,-94.18798333,-94.18798333,21,Bridge Pier or Support,0,The First Harmful Event was Not a Collision with a Motor Vehicle in Transport,1,Yes,3,Intersection-Related,2,Four-Way Intersection,4,On Roadside,1,Construction,2,Dark - Not Lighted,1,Clear,0,No,0000000,Not Applicable,99,Unknown,99,Unknown,99,Unknown EMS Scene Arrival Hour,99,Unknown EMS Scene Arrival Minutes,99,Unknown,99,Unknown EMS Hospital Arrival Time,1