STATE,STATENAME,ST_CASE,PEDS,PERNOTMVIT,VE_TOTAL,VE_FORMS,PVH_INVL,PERSONS,PERMVIT,COUNTY,COUNTYNAME,CITY,CITYNAME,MONTH,MONTHNAME,DAY,DAYNAME,DAY_WEEK,DAY_WEEKNAME,YEAR,HOUR,HOURNAME,MINUTE,MINUTENAME,TWAY_ID,TWAY_ID2,ROUTE,ROUTENAME,RUR_URB,RUR_URBNAME,FUNC_SYS,FUNC_SYSNAME,RD_OWNER,RD_OWNERNAME,NHS,NHSNAME,SP_JUR,SP_JURNAME,MILEPT,MILEPTNAME,LATITUDE,LATITUDENAME,LONGITUD,LONGITUDNAME,HARM_EV,HARM_EVNAME,MAN_COLL,MAN_COLLNAME,RELJCT1,RELJCT1NAME,RELJCT2,RELJCT2NAME,TYP_INT,TYP_INTNAME,REL_ROAD,REL_ROADNAME,WRK_ZONE,WRK_ZONENAME,LGT_COND,LGT_CONDNAME,WEATHER,WEATHERNAME,SCH_BUS,SCH_BUSNAME,RAIL,RAILNAME,NOT_HOUR,NOT_HOURNAME,NOT_MIN,NOT_MINNAME,ARR_HOUR,ARR_HOURNAME,ARR_MIN,ARR_MINNAME,HOSP_HR,HOSP_HRNAME,HOSP_MN,HOSP_MNNAME,FATALS
48,Texas,483769,1,1,1,1,0,1,1,141,EL PASO (141),2190,EL PASO,12,December,13,13,3,Tuesday,2022,0,0:00am-0:59am,1,1,GEORGE DIETER,NA,6,Local Street - Municipality,2,Urban,3,Principal Arterial - Other,98,Not Reported,1,This section IS ON the NHS,0,No Special Jurisdiction,86,86,31.72145833,31.72145833,-106.30423889,-106.30423889,9,Pedalcyclist,0,The First Harmful Event was Not a Collision with a Motor Vehicle in Transport,0,No,1,Non-Junction,1,Not an Intersection,1,On Roadway,0,None,3,Dark - Lighted,1,Clear,0,No,0000000,Not Applicable,99,Unknown,99,Unknown,99,Unknown EMS Scene Arrival Hour,99,Unknown EMS Scene Arrival Minutes,99,Unknown,99,Unknown EMS Hospital Arrival Time,1
48,Texas,483770,0,0,2,2,0,3,3,245,JEFFERSON (245),490,BEAUMONT,12,December,16,16,6,Friday,2022,1,1:00am-1:59am,28,28,DOWLEN RD,NA,6,Local Street - Municipality,2,Urban,4,Minor Arterial,98,Not Reported,0,This section IS NOT on the NHS,0,No Special Jurisdiction,0,None,30.071525,30.071525,-94.17228889,-94.17228889,12,Motor Vehicle In-Transport,2,Front-to-Front,0,No,1,Non-Junction,1,Not an Intersection,1,On Roadway,0,None,3,Dark - Lighted,1,Clear,0,No,0000000,Not Applicable,99,Unknown,99,Unknown,99,Unknown EMS Scene Arrival Hour,99,Unknown EMS Scene Arrival Minutes,99,Unknown,99,Unknown EMS Hospital Arrival Time,1
48,Texas,483771,0,0,1,1,0,1,1,355,NUECES (355),1550,CORPUS CHRISTI,12,December,9,9,6,Friday,2022,2,2:00am-2:59am,35,35,YORKTOWN BLVD,NA,6,Local Street - Municipality,2,Urban,4,Minor Arterial,98,Not Reported,0,This section IS NOT on the NHS,0,No Special Jurisdiction,0,None,27.62953611,27.62953611,-97.321275,-97.321275,38,Fence,0,The First Harmful Event was Not a Collision with a Motor Vehicle in Transport,0,No,1,Non-Junction,1,Not an Intersection,5,Outside Trafficway,0,None,2,Dark - Not Lighted,5,"Fog, Smog, Smoke",0,No,0000000,Not Applicable,99,Unknown,98,Unknown if Notified,99,Unknown EMS Scene Arrival Hour,98,Unknown if Arrived,88,Not Applicable (Not Transported),88,Not Applicable (Not Transported),1
48,Texas,483772,0,0,2,2,0,3,3,13,ATASCOSA (13),0,NOT APPLICABLE,12,December,9,9,6,Friday,2022,3,3:00am-3:59am,5,5,SR-16,NA,3,State Highway,1,Rural,4,Minor Arterial,98,Not Reported,0,This section IS NOT on the NHS,0,No Special Jurisdiction,124,124,29.01628333,29.01628333,-98.57654167,-98.57654167,12,Motor Vehicle In-Transport,6,Angle,0,No,1,Non-Junction,1,Not an Intersection,1,On Roadway,0,None,2,Dark - Not Lighted,5,"Fog, Smog, Smoke",0,No,0000000,Not Applicable,99,Unknown,99,Unknown,99,Unknown EMS Scene Arrival Hour,99,Unknown EMS Scene Arrival Minutes,99,Unknown,99,Unknown EMS Hospital Arrival Time,1
48,Texas,483773,0,0,2,2,0,2,2,453,TRAVIS (453),0,NOT APPLICABLE,12,December,8,8,5,Thursday,2022,6,6:00am-6:59am,26,26,SR-130,FM 973,3,State Highway,2,Urban,2,Principal Arterial - Other Freeways and Expressways,98,Not Reported,1,This section IS ON the NHS,0,No Special Jurisdiction,381,381,30.28815,30.28815,-97.576575,-97.576575,12,Motor Vehicle In-Transport,2,Front-to-Front,1,Yes,2,Intersection,2,Four-Way Intersection,1,On Roadway,0,None,1,Daylight,10,Cloudy,0,No,0000000,Not Applicable,99,Unknown,99,Unknown,99,Unknown EMS Scene Arrival Hour,99,Unknown EMS Scene Arrival Minutes,99,Unknown,99,Unknown EMS Hospital Arrival Time,1
48,Texas,483774,0,0,1,1,0,1,1,201,HARRIS (201),3280,HOUSTON,12,December,7,7,4,Wednesday,2022,6,6:00am-6:59am,50,50,FULTON ST,NA,6,Local Street - Municipality,2,Urban,4,Minor Arterial,98,Not Reported,0,This section IS NOT on the NHS,0,No Special Jurisdiction,0,None,29.81946944,29.81946944,-95.37470833,-95.37470833,10,Railway Vehicle,0,The First Harmful Event was Not a Collision with a Motor Vehicle in Transport,0,No,6,Railway Grade Crossing,1,Not an Intersection,1,On Roadway,0,None,4,Dawn,10,Cloudy,0,No,287965D,287965D,99,Unknown,99,Unknown,99,Unknown EMS Scene Arrival Hour,99,Unknown EMS Scene Arrival Minutes,99,Unknown,99,Unknown EMS Hospital Arrival Time,1
48,Texas,483775,1,1,1,1,0,1,1,201,HARRIS (201),3280,HOUSTON,10,October,15,15,7,Saturday,2022,19,7:00pm-7:59pm,18,18,LOCKWOOD DR,NA,6,Local Street - Municipality,2,Urban,4,Minor Arterial,98,Not Reported,0,This section IS NOT on the NHS,0,No Special Jurisdiction,0,None,29.81213889,29.81213889,-95.3171,-95.3171,8,Pedestrian,0,The First Harmful Event was Not a Collision with a Motor Vehicle in Transport,0,No,1,Non-Junction,1,Not an Intersection,1,On Roadway,0,None,3,Dark - Lighted,1,Clear,0,No,0000000,Not Applicable,99,Unknown,98,Unknown if Notified,99,Unknown EMS Scene Arrival Hour,98,Unknown if Arrived,88,Not Applicable (Not Transported),88,Not Applicable (Not Transported),1
48,Texas,483776,0,0,1,1,0,1,1,201,HARRIS (201),3280,HOUSTON,11,November,30,30,4,Wednesday,2022,23,11:00pm-11:59pm,18,18,T C JESTER BLVD,NA,6,Local Street - Municipality,2,Urban,4,Minor Arterial,98,Not Reported,0,This section IS NOT on the NHS,0,No Special Jurisdiction,0,None,29.81253333,29.81253333,-95.44534444,-95.44534444,33,Curb,0,The First Harmful Event was Not a Collision with a Motor Vehicle in Transport,0,No,1,Non-Junction,1,Not an Intersection,3,On Median,0,None,3,Dark - Lighted,1,Clear,0,No,0000000,Not Applicable,99,Unknown,99,Unknown,99,Unknown EMS Scene Arrival Hour,99,Unknown EMS Scene Arrival Minutes,88,Not Applicable (Not Transported),88,Not Applicable (Not Transported),1
48,Texas,483777,0,0,1,1,0,1,1,265,KERR (265),0,NOT APPLICABLE,12,December,7,7,4,Wednesday,2022,21,9:00pm-9:59pm,18,18,CR-HERMANN SON RD,NA,4,County Road,1,Rural,7,Local,98,Not Reported,0,This section IS NOT on the NHS,0,No Special Jurisdiction,0,None,29.945425,29.945425,-98.9356,-98.9356,42,Tree (Standing Only),0,The First Harmful Event was Not a Collision with a Motor Vehicle in Transport,0,No,1,Non-Junction,1,Not an Intersection,4,On Roadside,0,None,2,Dark - Not Lighted,10,Cloudy,0,No,0000000,Not Applicable,99,Unknown,98,Unknown if Notified,99,Unknown EMS Scene Arrival Hour,98,Unknown if Arrived,88,Not Applicable (Not Transported),88,Not Applicable (Not Transported),1
48,Texas,483778,0,0,2,2,0,4,4,201,HARRIS (201),3280,HOUSTON,12,December,11,11,1,Sunday,2022,0,0:00am-0:59am,15,15,CLEARWOOD ST,TAVENOR LN,6,Local Street - Municipality,2,Urban,4,Minor Arterial,98,Not Reported,0,This section IS NOT on the NHS,0,No Special Jurisdiction,0,None,29.63090833,29.63090833,-95.247375,-95.247375,12,Motor Vehicle In-Transport,6,Angle,0,No,2,Intersection,2,Four-Way Intersection,1,On Roadway,0,None,3,Dark - Lighted,1,Clear,0,No,0000000,Not Applicable,99,Unknown,98,Unknown if Notified,99,Unknown EMS Scene Arrival Hour,98,Unknown if Arrived,88,Not Applicable (Not Transported),88,Not Applicable (Not Transported),1
48,Texas,483779,0,0,2,2,0,2,2,121,DENTON (121),1840,DENTON,12,December,12,12,2,Monday,2022,19,7:00pm-7:59pm,41,41,I-35,NA,1,Interstate,1,Rural,1,Interstate,1,State Highway Agency,1,This section IS ON the NHS,0,No Special Jurisdiction,12,12,33.28141389,33.28141389,-97.17791944,-97.17791944,12,Motor Vehicle In-Transport,1,Front-to-Rear,1,Yes,18,Through Roadway,1,Not an Intersection,1,On Roadway,0,None,2,Dark - Not Lighted,2,Rain,0,No,0000000,Not Applicable,99,Unknown,98,Unknown if Notified,99,Unknown EMS Scene Arrival Hour,98,Unknown if Arrived,88,Not Applicable (Not Transported),88,Not Applicable (Not Transported),1
48,Texas,483780,1,1,1,1,0,1,1,29,BEXAR (29),6090,SAN ANTONIO,12,December,16,16,6,Friday,2022,1,1:00am-1:59am,50,50,SR-1604,NA,3,State Highway,2,Urban,5,Major Collector,98,Not Reported,0,This section IS NOT on the NHS,0,No Special Jurisdiction,232,232,29.49794444,29.49794444,-98.70356111,-98.70356111,8,Pedestrian,0,The First Harmful Event was Not a Collision with a Motor Vehicle in Transport,0,No,4,Driveway Access,1,Not an Intersection,1,On Roadway,0,None,3,Dark - Lighted,1,Clear,0,No,0000000,Not Applicable,99,Unknown,99,Unknown,99,Unknown EMS Scene Arrival Hour,99,Unknown EMS Scene Arrival Minutes,99,Unknown,99,Unknown EMS Hospital Arrival Time,1
48,Texas,483781,0,0,2,2,0,6,6,279,LAMB (279),0,NOT APPLICABLE,11,November,24,24,5,Thursday,2022,19,7:00pm-7:59pm,20,20,US-385,NA,2,US Highway,1,Rural,4,Minor Arterial,98,Not Reported,0,This section IS NOT on the NHS,0,No Special Jurisdiction,139,139,34.11298889,34.11298889,-102.32101944,-102.32101944,12,Motor Vehicle In-Transport,2,Front-to-Front,0,No,1,Non-Junction,1,Not an Intersection,1,On Roadway,0,None,2,Dark - Not Lighted,3,Sleet or Hail,0,No,0000000,Not Applicable,99,Unknown,99,Unknown,99,Unknown EMS Scene Arrival Hour,99,Unknown EMS Scene Arrival Minutes,99,Unknown,99,Unknown EMS Hospital Arrival Time,2
48,Texas,483782,0,0,2,2,0,2,2,339,MONTGOMERY (339),6341,SHENANDOAH,12,December,6,6,3,Tuesday,2022,23,11:00pm-11:59pm,15,15,I-45 SVRD/NORTH FWY,METRO PARK DR,7,Local Street - Frontage Road,2,Urban,5,Major Collector,98,Not Reported,0,This section IS NOT on the NHS,0,No Special Jurisdiction,61,61,30.19529444,30.19529444,-95.4537,-95.4537,12,Motor Vehicle In-Transport,6,Angle,1,Yes,2,Intersection,3,T-Intersection,1,On Roadway,0,None,3,Dark - Lighted,1,Clear,0,No,0000000,Not Applicable,99,Unknown,98,Unknown if Notified,99,Unknown EMS Scene Arrival Hour,98,Unknown if Arrived,88,Not Applicable (Not Transported),88,Not Applicable (Not Transported),1
48,Texas,483783,0,0,2,2,0,3,3,407,SAN JACINTO (407),0,NOT APPLICABLE,12,December,10,10,7,Saturday,2022,18,6:00pm-6:59pm,52,52,US-59,NA,2,US Highway,1,Rural,3,Principal Arterial - Other,98,Not Reported,1,This section IS ON the NHS,0,No Special Jurisdiction,30,30,30.52984167,30.52984167,-94.97643333,-94.97643333,12,Motor Vehicle In-Transport,6,Angle,0,No,7,Crossover-Related,1,Not an Intersection,1,On Roadway,0,None,2,Dark - Not Lighted,2,Rain,0,No,0000000,Not Applicable,99,Unknown,99,Unknown,99,Unknown EMS Scene Arrival Hour,99,Unknown EMS Scene Arrival Minutes,99,Unknown,99,Unknown EMS Hospital Arrival Time,1
48,Texas,483784,0,0,1,1,0,1,1,113,DALLAS (113),1730,DALLAS,12,December,4,4,1,Sunday,2022,2,2:00am-2:59am,29,29,MOCKINGBIRD LN,NA,6,Local Street - Municipality,2,Urban,4,Minor Arterial,98,Not Reported,0,This section IS NOT on the NHS,0,No Special Jurisdiction,0,None,32.837425,32.837425,-96.74724444,-96.74724444,58,Ground,0,The First Harmful Event was Not a Collision with a Motor Vehicle in Transport,0,No,1,Non-Junction,1,Not an Intersection,4,On Roadside,0,None,3,Dark - Lighted,1,Clear,0,No,0000000,Not Applicable,99,Unknown,99,Unknown,99,Unknown EMS Scene Arrival Hour,99,Unknown EMS Scene Arrival Minutes,88,Not Applicable (Not Transported),88,Not Applicable (Not Transported),1
48,Texas,483785,2,2,1,1,0,1,1,113,DALLAS (113),1730,DALLAS,12,December,6,6,3,Tuesday,2022,5,5:00am-5:59am,8,8,JIM MILLER RD,SECO BLVD,6,Local Street - Municipality,2,Urban,4,Minor Arterial,98,Not Reported,0,This section IS NOT on the NHS,0,No Special Jurisdiction,0,None,32.73810833,32.73810833,-96.70022222,-96.70022222,8,Pedestrian,0,The First Harmful Event was Not a Collision with a Motor Vehicle in Transport,0,No,3,Intersection-Related,2,Four-Way Intersection,1,On Roadway,0,None,3,Dark - Lighted,1,Clear,0,No,0000000,Not Applicable,99,Unknown,99,Unknown,99,Unknown EMS Scene Arrival Hour,99,Unknown EMS Scene Arrival Minutes,99,Unknown,99,Unknown EMS Hospital Arrival Time,1
48,Texas,483786,0,0,1,1,0,2,2,161,FREESTONE (161),0,NOT APPLICABLE,12,December,13,13,3,Tuesday,2022,4,4:00am-4:59am,40,40,I-45,NA,1,Interstate,1,Rural,1,Interstate,1,State Highway Agency,1,This section IS ON the NHS,0,No Special Jurisdiction,44,44,31.53694167,31.53694167,-96.12029444,-96.12029444,1,Rollover/Overturn,0,The First Harmful Event was Not a Collision with a Motor Vehicle in Transport,0,No,1,Non-Junction,1,Not an Intersection,4,On Roadside,0,None,2,Dark - Not Lighted,10,Cloudy,0,No,0000000,Not Applicable,99,Unknown,99,Unknown,99,Unknown EMS Scene Arrival Hour,99,Unknown EMS Scene Arrival Minutes,99,Unknown,99,Unknown EMS Hospital Arrival Time,1
48,Texas,483787,1,1,1,1,0,1,1,29,BEXAR (29),6090,SAN ANTONIO,12,December,15,15,5,Thursday,2022,5,5:00am-5:59am,0,0,I-35,NA,1,Interstate,2,Urban,1,Interstate,1,State Highway Agency,1,This section IS ON the NHS,0,No Special Jurisdiction,186,186,29.37067778,29.37067778,-98.51659167,-98.51659167,8,Pedestrian,0,The First Harmful Event was Not a Collision with a Motor Vehicle in Transport,1,Yes,20,Entrance/Exit Ramp,1,Not an Intersection,1,On Roadway,0,None,3,Dark - Lighted,1,Clear,0,No,0000000,Not Applicable,99,Unknown,98,Unknown if Notified,99,Unknown EMS Scene Arrival Hour,98,Unknown if Arrived,88,Not Applicable (Not Transported),88,Not Applicable (Not Transported),1
48,Texas,483788,0,0,1,1,0,1,1,471,WALKER (471),3340,HUNTSVILLE,12,December,17,17,7,Saturday,2022,17,5:00pm-5:59pm,29,29,SR-19,NA,3,State Highway,2,Urban,3,Principal Arterial - Other,98,Not Reported,1,This section IS ON the NHS,0,No Special Jurisdiction,128,128,30.72437778,30.72437778,-95.525625,-95.525625,1,Rollover/Overturn,0,The First Harmful Event was Not a Collision with a Motor Vehicle in Transport,0,No,1,Non-Junction,1,Not an Intersection,3,On Median,0,None,5,Dusk,1,Clear,0,No,0000000,Not Applicable,99,Unknown,99,Unknown,99,Unknown EMS Scene Arrival Hour,99,Unknown EMS Scene Arrival Minutes,99,Unknown,99,Unknown EMS Hospital Arrival Time,1
48,Texas,483789,0,0,2,2,0,8,8,5,ANGELINA (5),4160,LUFKIN,12,December,17,17,7,Saturday,2022,0,0:00am-0:59am,2,2,US-59,NA,2,US Highway,2,Urban,3,Principal Arterial - Other,98,Not Reported,1,This section IS ON the NHS,0,No Special Jurisdiction,36,36,31.28953333,31.28953333,-94.72969722,-94.72969722,12,Motor Vehicle In-Transport,1,Front-to-Rear,0,No,1,Non-Junction,1,Not an Intersection,1,On Roadway,0,None,3,Dark - Lighted,1,Clear,0,No,0000000,Not Applicable,99,Unknown,99,Unknown,99,Unknown EMS Scene Arrival Hour,99,Unknown EMS Scene Arrival Minutes,99,Unknown,99,Unknown EMS Hospital Arrival Time,3
48,Texas,483790,0,0,2,2,0,3,3,201,HARRIS (201),3280,HOUSTON,12,December,11,11,1,Sunday,2022,4,4:00am-4:59am,56,56,SR-8 LOOP/SAM HOUSTON PKWY,NA,3,State Highway,2,Urban,2,Principal Arterial - Other Freeways and Expressways,98,Not Reported,1,This section IS ON the NHS,0,No Special Jurisdiction,143,143,29.82393889,29.82393889,-95.56376111,-95.56376111,25,Concrete Traffic Barrier,0,The First Harmful Event was Not a Collision with a Motor Vehicle in Transport,0,No,1,Non-Junction,1,Not an Intersection,3,On Median,0,None,3,Dark - Lighted,2,Rain,0,No,0000000,Not Applicable,99,Unknown,99,Unknown,99,Unknown EMS Scene Arrival Hour,99,Unknown EMS Scene Arrival Minutes,99,Unknown,99,Unknown EMS Hospital Arrival Time,1
48,Texas,483791,0,0,1,1,0,3,3,479,WEBB (479),3899,LAREDO,12,December,18,18,1,Sunday,2022,4,4:00am-4:59am,0,0,BU-59Z SAUNDERS ST,SR-20,8,Other,2,Urban,3,Principal Arterial - Other,98,Not Reported,1,This section IS ON the NHS,0,No Special Jurisdiction,477,477,27.52816111,27.52816111,-99.44581111,-99.44581111,46,Traffic Signal Support,0,The First Harmful Event was Not a Collision with a Motor Vehicle in Transport,1,Yes,3,Intersection-Related,2,Four-Way Intersection,12,Pedestrian Refuge Island or Traffic Island,0,None,3,Dark - Lighted,1,Clear,0,No,0000000,Not Applicable,99,Unknown,99,Unknown,99,Unknown EMS Scene Arrival Hour,99,Unknown EMS Scene Arrival Minutes,99,Unknown,99,Unknown EMS Hospital Arrival Time,1
48,Texas,483792,2,2,1,1,0,1,1,201,HARRIS (201),0,NOT APPLICABLE,12,December,9,9,6,Friday,2022,23,11:00pm-11:59pm,42,42,RANKIN RD,RANKIN PARK DR,6,Local Street - Municipality,2,Urban,4,Minor Arterial,98,Not Reported,0,This section IS NOT on the NHS,0,No Special Jurisdiction,0,None,29.96593333,29.96593333,-95.40975278,-95.40975278,8,Pedestrian,0,The First Harmful Event was Not a Collision with a Motor Vehicle in Transport,0,No,3,Intersection-Related,3,T-Intersection,1,On Roadway,0,None,2,Dark - Not Lighted,1,Clear,0,No,0000000,Not Applicable,99,Unknown,99,Unknown,99,Unknown EMS Scene Arrival Hour,99,Unknown EMS Scene Arrival Minutes,99,Unknown,99,Unknown EMS Hospital Arrival Time,1
48,Texas,483793,1,1,1,1,0,1,1,201,HARRIS (201),0,NOT APPLICABLE,12,December,12,12,2,Monday,2022,21,9:00pm-9:59pm,20,20,CR-LITTLE YORK RD,NA,4,County Road,2,Urban,3,Principal Arterial - Other,98,Not Reported,0,This section IS NOT on the NHS,0,No Special Jurisdiction,0,None,29.86565833,29.86565833,-95.51033056,-95.51033056,8,Pedestrian,0,The First Harmful Event was Not a Collision with a Motor Vehicle in Transport,0,No,1,Non-Junction,1,Not an Intersection,1,On Roadway,0,None,2,Dark - Not Lighted,10,Cloudy,0,No,0000000,Not Applicable,99,Unknown,98,Unknown if Notified,99,Unknown EMS Scene Arrival Hour,98,Unknown if Arrived,88,Not Applicable (Not Transported),88,Not Applicable (Not Transported),1
48,Texas,483794,0,0,1,1,0,1,1,303,LUBBOCK (303),4140,LUBBOCK,12,December,16,16,6,Friday,2022,18,6:00pm-6:59pm,20,20,34TH ST,29TH  DR,6,Local Street - Municipality,2,Urban,4,Minor Arterial,98,Not Reported,0,This section IS NOT on the NHS,0,No Special Jurisdiction,0,None,33.56342222,33.56342222,-101.91717778,-101.91717778,30,Utility Pole/Light Support,0,The First Harmful Event was Not a Collision with a Motor Vehicle in Transport,0,No,3,Intersection-Related,3,T-Intersection,12,Pedestrian Refuge Island or Traffic Island,0,None,3,Dark - Lighted,1,Clear,0,No,0000000,Not Applicable,99,Unknown,99,Unknown,99,Unknown EMS Scene Arrival Hour,99,Unknown EMS Scene Arrival Minutes,99,Unknown,99,Unknown EMS Hospital Arrival Time,1
48,Texas,483795,0,0,1,1,0,1,1,327,MENARD (327),0,NOT APPLICABLE,12,December,14,14,4,Wednesday,2022,0,0:00am-0:59am,19,19,FM 2092,NA,8,Other,1,Rural,6,Minor Collector,98,Not Reported,0,This section IS NOT on the NHS,0,No Special Jurisdiction,202,202,30.88456389,30.88456389,-99.63266667,-99.63266667,1,Rollover/Overturn,0,The First Harmful Event was Not a Collision with a Motor Vehicle in Transport,0,No,1,Non-Junction,1,Not an Intersection,4,On Roadside,0,None,2,Dark - Not Lighted,1,Clear,0,No,0000000,Not Applicable,99,Unknown,98,Unknown if Notified,99,Unknown EMS Scene Arrival Hour,98,Unknown if Arrived,88,Not Applicable (Not Transported),88,Not Applicable (Not Transported),1
48,Texas,483796,1,1,1,1,0,1,1,453,TRAVIS (453),330,AUSTIN,12,December,18,18,1,Sunday,2022,19,7:00pm-7:59pm,41,41,US-290,NA,7,Local Street - Frontage Road,2,Urban,5,Major Collector,98,Not Reported,0,This section IS NOT on the NHS,0,No Special Jurisdiction,9,9,30.22936111,30.22936111,-97.78793889,-97.78793889,8,Pedestrian,0,The First Harmful Event was Not a Collision with a Motor Vehicle in Transport,1,Yes,18,Through Roadway,1,Not an Intersection,1,On Roadway,0,None,2,Dark - Not Lighted,1,Clear,0,No,0000000,Not Applicable,99,Unknown,99,Unknown,99,Unknown EMS Scene Arrival Hour,99,Unknown EMS Scene Arrival Minutes,99,Unknown,99,Unknown EMS Hospital Arrival Time,1
48,Texas,483797,0,0,1,1,0,2,2,169,GARZA (169),0,NOT APPLICABLE,12,December,13,13,3,Tuesday,2022,2,2:00am-2:59am,25,25,US-84,NA,2,US Highway,1,Rural,3,Principal Arterial - Other,98,Not Reported,1,This section IS ON the NHS,0,No Special Jurisdiction,187,187,33.16622778,33.16622778,-101.35133611,-101.35133611,35,Embankment,0,The First Harmful Event was Not a Collision with a Motor Vehicle in Transport,0,No,1,Non-Junction,1,Not an Intersection,3,On Median,0,None,2,Dark - Not Lighted,1,Clear,0,No,0000000,Not Applicable,99,Unknown,98,Unknown if Notified,99,Unknown EMS Scene Arrival Hour,98,Unknown if Arrived,88,Not Applicable (Not Transported),88,Not Applicable (Not Transported),2
48,Texas,483798,0,0,2,2,0,2,2,219,HOCKLEY (219),0,NOT APPLICABLE,12,December,3,3,7,Saturday,2022,10,10:00am-10:59am,37,37,FM 1585,CR-Chickadee RD,8,Other,1,Rural,5,Major Collector,98,Not Reported,0,This section IS NOT on the NHS,0,No Special Jurisdiction,151,151,33.49293056,33.49293056,-102.29183056,-102.29183056,12,Motor Vehicle In-Transport,6,Angle,0,No,2,Intersection,2,Four-Way Intersection,1,On Roadway,0,None,1,Daylight,1,Clear,0,No,0000000,Not Applicable,99,Unknown,99,Unknown,99,Unknown EMS Scene Arrival Hour,99,Unknown EMS Scene Arrival Minutes,99,Unknown,99,Unknown EMS Hospital Arrival Time,1
48,Texas,483799,0,0,2,2,0,3,3,113,DALLAS (113),1730,DALLAS,12,December,17,17,7,Saturday,2022,3,3:00am-3:59am,38,38,I-30,NA,1,Interstate,2,Urban,1,Interstate,1,State Highway Agency,1,This section IS ON the NHS,0,No Special Jurisdiction,109,109,32.76448611,32.76448611,-96.85003611,-96.85003611,12,Motor Vehicle In-Transport,1,Front-to-Rear,1,Yes,18,Through Roadway,1,Not an Intersection,1,On Roadway,0,None,3,Dark - Lighted,1,Clear,0,No,0000000,Not Applicable,99,Unknown,98,Unknown if Notified,99,Unknown EMS Scene Arrival Hour,98,Unknown if Arrived,88,Not Applicable (Not Transported),88,Not Applicable (Not Transported),1
48,Texas,483800,0,0,1,1,0,2,2,361,ORANGE (361),0,NOT APPLICABLE,12,December,18,18,1,Sunday,2022,2,2:00am-2:59am,2,2,CR-CONCORD ST,NA,4,County Road,2,Urban,5,Major Collector,98,Not Reported,0,This section IS NOT on the NHS,0,No Special Jurisdiction,0,None,30.11223333,30.11223333,-93.98566389,-93.98566389,30,Utility Pole/Light Support,0,The First Harmful Event was Not a Collision with a Motor Vehicle in Transport,0,No,1,Non-Junction,1,Not an Intersection,4,On Roadside,0,None,2,Dark - Not Lighted,1,Clear,0,No,0000000,Not Applicable,99,Unknown,98,Unknown if Notified,99,Unknown EMS Scene Arrival Hour,98,Unknown if Arrived,88,Not Applicable (Not Transported),88,Not Applicable (Not Transported),2
48,Texas,483801,0,0,1,1,0,1,1,135,ECTOR (135),0,NOT APPLICABLE,12,December,9,9,6,Friday,2022,8,8:00am-8:59am,4,4,CR-COTTONWOOD RD,NA,4,County Road,1,Rural,7,Local,98,Not Reported,0,This section IS NOT on the NHS,0,No Special Jurisdiction,0,None,32.00709722,32.00709722,-102.36957222,-102.36957222,38,Fence,0,The First Harmful Event was Not a Collision with a Motor Vehicle in Transport,0,No,1,Non-Junction,1,Not an Intersection,5,Outside Trafficway,1,Construction,2,Dark - Not Lighted,1,Clear,0,No,0000000,Not Applicable,99,Unknown,98,Unknown if Notified,99,Unknown EMS Scene Arrival Hour,98,Unknown if Arrived,88,Not Applicable (Not Transported),88,Not Applicable (Not Transported),1
48,Texas,483802,0,0,2,2,0,5,5,249,JIM WELLS (249),0,NOT APPLICABLE,12,December,10,10,7,Saturday,2022,11,11:00am-11:59am,12,12,SR-44,SR-44 FRONTAGE,3,State Highway,1,Rural,3,Principal Arterial - Other,98,Not Reported,1,This section IS ON the NHS,0,No Special Jurisdiction,126,126,27.776275,27.776275,-98.02827222,-98.02827222,12,Motor Vehicle In-Transport,6,Angle,0,No,2,Intersection,3,T-Intersection,1,On Roadway,0,None,1,Daylight,10,Cloudy,0,No,0000000,Not Applicable,99,Unknown,99,Unknown,99,Unknown EMS Scene Arrival Hour,99,Unknown EMS Scene Arrival Minutes,99,Unknown,99,Unknown EMS Hospital Arrival Time,1
48,Texas,483803,0,0,2,2,0,2,2,355,NUECES (355),0,NOT APPLICABLE,12,December,11,11,1,Sunday,2022,0,0:00am-0:59am,44,44,FM 665,NA,8,Other,1,Rural,4,Minor Arterial,98,Not Reported,0,This section IS NOT on the NHS,0,No Special Jurisdiction,102,102,27.68745833,27.68745833,-97.60208056,-97.60208056,12,Motor Vehicle In-Transport,2,Front-to-Front,0,No,1,Non-Junction,1,Not an Intersection,1,On Roadway,0,None,2,Dark - Not Lighted,1,Clear,0,No,0000000,Not Applicable,99,Unknown,99,Unknown,99,Unknown EMS Scene Arrival Hour,99,Unknown EMS Scene Arrival Minutes,99,Unknown,99,Unknown EMS Hospital Arrival Time,1
48,Texas,483804,0,0,1,1,0,1,1,463,UVALDE (463),0,NOT APPLICABLE,12,December,1,1,5,Thursday,2022,4,4:00am-4:59am,11,11,US-90,NA,2,US Highway,1,Rural,3,Principal Arterial - Other,98,Not Reported,1,This section IS ON the NHS,0,No Special Jurisdiction,63,63,29.31768056,29.31768056,-99.5651,-99.5651,59,Traffic Sign Support,0,The First Harmful Event was Not a Collision with a Motor Vehicle in Transport,0,No,1,Non-Junction,1,Not an Intersection,8,Gore,0,None,2,Dark - Not Lighted,1,Clear,0,No,0000000,Not Applicable,99,Unknown,99,Unknown,99,Unknown EMS Scene Arrival Hour,99,Unknown EMS Scene Arrival Minutes,99,Unknown,99,Unknown EMS Hospital Arrival Time,1