STATE,STATENAME,ST_CASE,PEDS,PERNOTMVIT,VE_TOTAL,VE_FORMS,PVH_INVL,PERSONS,PERMVIT,COUNTY,COUNTYNAME,CITY,CITYNAME,MONTH,MONTHNAME,DAY,DAYNAME,DAY_WEEK,DAY_WEEKNAME,YEAR,HOUR,HOURNAME,MINUTE,MINUTENAME,TWAY_ID,TWAY_ID2,ROUTE,ROUTENAME,RUR_URB,RUR_URBNAME,FUNC_SYS,FUNC_SYSNAME,RD_OWNER,RD_OWNERNAME,NHS,NHSNAME,SP_JUR,SP_JURNAME,MILEPT,MILEPTNAME,LATITUDE,LATITUDENAME,LONGITUD,LONGITUDNAME,HARM_EV,HARM_EVNAME,MAN_COLL,MAN_COLLNAME,RELJCT1,RELJCT1NAME,RELJCT2,RELJCT2NAME,TYP_INT,TYP_INTNAME,REL_ROAD,REL_ROADNAME,WRK_ZONE,WRK_ZONENAME,LGT_COND,LGT_CONDNAME,WEATHER,WEATHERNAME,SCH_BUS,SCH_BUSNAME,RAIL,RAILNAME,NOT_HOUR,NOT_HOURNAME,NOT_MIN,NOT_MINNAME,ARR_HOUR,ARR_HOURNAME,ARR_MIN,ARR_MINNAME,HOSP_HR,HOSP_HRNAME,HOSP_MN,HOSP_MNNAME,FATALS
48,Texas,483992,1,1,1,1,0,1,1,121,DENTON (121),6881,THE COLONY,12,December,16,16,6,Friday,2022,22,10:00pm-10:59pm,2,2,FM 423/MAIN ST,NA,8,Other,2,Urban,3,Principal Arterial - Other,98,Not Reported,1,This section IS ON the NHS,0,No Special Jurisdiction,60,60,33.06643611,33.06643611,-96.8894,-96.8894,8,Pedestrian,0,The First Harmful Event was Not a Collision with a Motor Vehicle in Transport,0,No,1,Non-Junction,1,Not an Intersection,1,On Roadway,0,None,3,Dark - Lighted,1,Clear,0,No,0000000,Not Applicable,99,Unknown,99,Unknown,99,Unknown EMS Scene Arrival Hour,99,Unknown EMS Scene Arrival Minutes,99,Unknown,99,Unknown EMS Hospital Arrival Time,1
48,Texas,483993,0,0,1,1,0,1,1,497,WISE (497),0,NOT APPLICABLE,12,December,18,18,1,Sunday,2022,0,0:00am-0:59am,49,49,FM 455,NA,8,Other,1,Rural,5,Major Collector,98,Not Reported,0,This section IS NOT on the NHS,0,No Special Jurisdiction,53,53,33.373875,33.373875,-97.414475,-97.414475,42,Tree (Standing Only),0,The First Harmful Event was Not a Collision with a Motor Vehicle in Transport,0,No,1,Non-Junction,1,Not an Intersection,4,On Roadside,0,None,2,Dark - Not Lighted,1,Clear,0,No,0000000,Not Applicable,99,Unknown,98,Unknown if Notified,99,Unknown EMS Scene Arrival Hour,98,Unknown if Arrived,88,Not Applicable (Not Transported),88,Not Applicable (Not Transported),1
48,Texas,483994,1,1,1,1,0,1,1,201,HARRIS (201),3280,HOUSTON,11,November,5,5,7,Saturday,2022,12,12:00pm-12:59pm,56,56,OAK SHADOWS DR,NA,6,Local Street - Municipality,2,Urban,7,Local,98,Not Reported,0,This section IS NOT on the NHS,0,No Special Jurisdiction,0,None,29.84366667,29.84366667,-95.45275,-95.45275,8,Pedestrian,0,The First Harmful Event was Not a Collision with a Motor Vehicle in Transport,0,No,4,Driveway Access,1,Not an Intersection,1,On Roadway,0,None,1,Daylight,1,Clear,0,No,0000000,Not Applicable,99,Unknown,99,Unknown,99,Unknown EMS Scene Arrival Hour,99,Unknown EMS Scene Arrival Minutes,99,Unknown,99,Unknown EMS Hospital Arrival Time,1
48,Texas,483995,1,1,1,1,0,1,1,201,HARRIS (201),3280,HOUSTON,9,September,1,1,5,Thursday,2022,14,2:00pm-2:59pm,42,42,CANAL ST,SAMPSON,6,Local Street - Municipality,2,Urban,5,Major Collector,98,Not Reported,0,This section IS NOT on the NHS,0,No Special Jurisdiction,0,None,29.75261667,29.75261667,-95.33800556,-95.33800556,8,Pedestrian,0,The First Harmful Event was Not a Collision with a Motor Vehicle in Transport,0,No,3,Intersection-Related,2,Four-Way Intersection,1,On Roadway,0,None,1,Daylight,10,Cloudy,0,No,0000000,Not Applicable,99,Unknown,99,Unknown,99,Unknown EMS Scene Arrival Hour,99,Unknown EMS Scene Arrival Minutes,99,Unknown,99,Unknown EMS Hospital Arrival Time,1
48,Texas,483996,0,0,1,1,0,1,1,201,HARRIS (201),3280,HOUSTON,12,December,23,23,6,Friday,2022,2,2:00am-2:59am,45,45,GESSNER DR,NA,6,Local Street - Municipality,2,Urban,3,Principal Arterial - Other,98,Not Reported,0,This section IS NOT on the NHS,0,No Special Jurisdiction,0,None,29.69927222,29.69927222,-95.53792222,-95.53792222,33,Curb,0,The First Harmful Event was Not a Collision with a Motor Vehicle in Transport,0,No,1,Non-Junction,1,Not an Intersection,3,On Median,0,None,2,Dark - Not Lighted,1,Clear,0,No,0000000,Not Applicable,99,Unknown,99,Unknown,99,Unknown EMS Scene Arrival Hour,99,Unknown EMS Scene Arrival Minutes,88,Not Applicable (Not Transported),88,Not Applicable (Not Transported),1
48,Texas,483997,0,0,2,2,0,3,3,113,DALLAS (113),1730,DALLAS,12,December,29,29,5,Thursday,2022,0,0:00am-0:59am,57,57,ILLINIOS AVE,COCKRELL HILL RD,6,Local Street - Municipality,2,Urban,3,Principal Arterial - Other,98,Not Reported,0,This section IS NOT on the NHS,0,No Special Jurisdiction,0,None,32.72046944,32.72046944,-96.89147778,-96.89147778,12,Motor Vehicle In-Transport,6,Angle,0,No,2,Intersection,2,Four-Way Intersection,1,On Roadway,0,None,3,Dark - Lighted,1,Clear,0,No,0000000,Not Applicable,99,Unknown,99,Unknown,99,Unknown EMS Scene Arrival Hour,99,Unknown EMS Scene Arrival Minutes,99,Unknown,99,Unknown EMS Hospital Arrival Time,1
48,Texas,483998,0,0,4,4,0,4,4,167,GALVESTON (167),3850,LA MARQUE,12,December,28,28,4,Wednesday,2022,18,6:00pm-6:59pm,7,7,FM 519/TEXAS AVE,NA,8,Other,2,Urban,4,Minor Arterial,98,Not Reported,0,This section IS NOT on the NHS,0,No Special Jurisdiction,62,62,29.35791944,29.35791944,-94.98514444,-94.98514444,12,Motor Vehicle In-Transport,1,Front-to-Rear,0,No,1,Non-Junction,1,Not an Intersection,1,On Roadway,0,None,5,Dusk,1,Clear,0,No,0000000,Not Applicable,18,6:00pm-6:59pm,8,8,18,6:00pm-6:59pm,12,12,18,6:00pm-6:59pm,54,54,1
48,Texas,483999,1,1,1,1,0,1,1,141,EL PASO (141),2190,EL PASO,12,December,16,16,6,Friday,2022,22,10:00pm-10:59pm,56,56,SR-20/DONIPHAN DR,Redd RD,3,State Highway,2,Urban,3,Principal Arterial - Other,98,Not Reported,1,This section IS ON the NHS,0,No Special Jurisdiction,97,97,31.86041111,31.86041111,-106.58717222,-106.58717222,8,Pedestrian,0,The First Harmful Event was Not a Collision with a Motor Vehicle in Transport,0,No,3,Intersection-Related,2,Four-Way Intersection,1,On Roadway,0,None,2,Dark - Not Lighted,1,Clear,0,No,0000000,Not Applicable,99,Unknown,99,Unknown,99,Unknown EMS Scene Arrival Hour,99,Unknown EMS Scene Arrival Minutes,88,Not Applicable (Not Transported),88,Not Applicable (Not Transported),1
48,Texas,484000,0,0,1,1,0,2,2,325,MEDINA (325),0,NOT APPLICABLE,11,November,8,8,3,Tuesday,2022,22,10:00pm-10:59pm,0,0,US-90,NA,2,US Highway,1,Rural,3,Principal Arterial - Other,98,Not Reported,1,This section IS ON the NHS,0,No Special Jurisdiction,91,91,29.35514444,29.35514444,-98.84119722,-98.84119722,1,Rollover/Overturn,0,The First Harmful Event was Not a Collision with a Motor Vehicle in Transport,0,No,1,Non-Junction,1,Not an Intersection,4,On Roadside,0,None,2,Dark - Not Lighted,1,Clear,0,No,0000000,Not Applicable,99,Unknown,99,Unknown,99,Unknown EMS Scene Arrival Hour,99,Unknown EMS Scene Arrival Minutes,99,Unknown,99,Unknown EMS Hospital Arrival Time,1
48,Texas,484001,0,0,1,1,0,1,1,281,LAMPASAS (281),0,NOT APPLICABLE,12,December,29,29,5,Thursday,2022,23,11:00pm-11:59pm,17,17,US-281,NA,2,US Highway,1,Rural,3,Principal Arterial - Other,98,Not Reported,1,This section IS ON the NHS,0,No Special Jurisdiction,196,196,31.16820278,31.16820278,-98.17479444,-98.17479444,58,Ground,0,The First Harmful Event was Not a Collision with a Motor Vehicle in Transport,0,No,1,Non-Junction,1,Not an Intersection,4,On Roadside,0,None,2,Dark - Not Lighted,1,Clear,0,No,0000000,Not Applicable,99,Unknown,98,Unknown if Notified,99,Unknown EMS Scene Arrival Hour,98,Unknown if Arrived,88,Not Applicable (Not Transported),88,Not Applicable (Not Transported),1
48,Texas,484002,0,0,2,2,0,3,3,339,MONTGOMERY (339),0,NOT APPLICABLE,12,December,11,11,1,Sunday,2022,1,1:00am-1:59am,18,18,SR-105,NA,3,State Highway,1,Rural,3,Principal Arterial - Other,98,Not Reported,1,This section IS ON the NHS,0,No Special Jurisdiction,331,331,30.33041111,30.33041111,-95.288425,-95.288425,12,Motor Vehicle In-Transport,2,Front-to-Front,0,No,1,Non-Junction,1,Not an Intersection,1,On Roadway,0,None,2,Dark - Not Lighted,2,Rain,0,No,0000000,Not Applicable,99,Unknown,99,Unknown,99,Unknown EMS Scene Arrival Hour,99,Unknown EMS Scene Arrival Minutes,99,Unknown,99,Unknown EMS Hospital Arrival Time,2
48,Texas,484003,1,1,3,3,0,3,3,113,DALLAS (113),1730,DALLAS,12,December,24,24,7,Saturday,2022,19,7:00pm-7:59pm,4,4,SR-310,NA,3,State Highway,2,Urban,2,Principal Arterial - Other Freeways and Expressways,98,Not Reported,1,This section IS ON the NHS,0,No Special Jurisdiction,41,41,32.741225,32.741225,-96.75763333,-96.75763333,8,Pedestrian,0,The First Harmful Event was Not a Collision with a Motor Vehicle in Transport,0,No,1,Non-Junction,1,Not an Intersection,1,On Roadway,1,Construction,2,Dark - Not Lighted,1,Clear,0,No,0000000,Not Applicable,99,Unknown,99,Unknown,99,Unknown EMS Scene Arrival Hour,99,Unknown EMS Scene Arrival Minutes,99,Unknown,99,Unknown EMS Hospital Arrival Time,1
48,Texas,484004,1,1,1,1,0,1,1,29,BEXAR (29),6090,SAN ANTONIO,12,December,26,26,2,Monday,2022,17,5:00pm-5:59pm,10,10,BUENA VISTA ST,SMITH ST,6,Local Street - Municipality,2,Urban,3,Principal Arterial - Other,98,Not Reported,0,This section IS NOT on the NHS,0,No Special Jurisdiction,0,None,29.42572222,29.42572222,-98.51244722,-98.51244722,8,Pedestrian,0,The First Harmful Event was Not a Collision with a Motor Vehicle in Transport,0,No,3,Intersection-Related,2,Four-Way Intersection,1,On Roadway,0,None,2,Dark - Not Lighted,1,Clear,0,No,0000000,Not Applicable,99,Unknown,98,Unknown if Notified,99,Unknown EMS Scene Arrival Hour,98,Unknown if Arrived,88,Not Applicable (Not Transported),88,Not Applicable (Not Transported),1
48,Texas,484005,0,0,1,1,0,3,3,455,TRINITY (455),7020,TRINITY,12,December,24,24,7,Saturday,2022,3,3:00am-3:59am,54,54,SR-94,NA,3,State Highway,1,Rural,4,Minor Arterial,98,Not Reported,0,This section IS NOT on the NHS,0,No Special Jurisdiction,206,206,30.94751111,30.94751111,-95.36580556,-95.36580556,42,Tree (Standing Only),0,The First Harmful Event was Not a Collision with a Motor Vehicle in Transport,0,No,1,Non-Junction,1,Not an Intersection,4,On Roadside,0,None,3,Dark - Lighted,1,Clear,0,No,0000000,Not Applicable,4,4:00am-4:59am,15,15,4,4:00am-4:59am,52,52,5,5:00am-5:59am,35,35,2
48,Texas,484006,1,1,1,1,0,2,2,499,WOOD (499),0,NOT APPLICABLE,12,December,28,28,4,Wednesday,2022,18,6:00pm-6:59pm,35,35,US-80/BROAD ST,NA,2,US Highway,2,Urban,3,Principal Arterial - Other,98,Not Reported,0,This section IS NOT on the NHS,0,No Special Jurisdiction,71,71,32.66036389,32.66036389,-95.46022222,-95.46022222,8,Pedestrian,0,The First Harmful Event was Not a Collision with a Motor Vehicle in Transport,0,No,1,Non-Junction,1,Not an Intersection,1,On Roadway,0,None,2,Dark - Not Lighted,1,Clear,0,No,0000000,Not Applicable,18,6:00pm-6:59pm,36,36,18,6:00pm-6:59pm,45,45,19,7:00pm-7:59pm,31,31,1
48,Texas,484007,0,0,2,2,0,2,2,317,MARTIN (317),0,NOT APPLICABLE,12,December,29,29,5,Thursday,2022,23,11:00pm-11:59pm,14,14,SR-349,NA,3,State Highway,1,Rural,3,Principal Arterial - Other,98,Not Reported,1,This section IS ON the NHS,0,No Special Jurisdiction,23,23,32.29081389,32.29081389,-102.16171389,-102.16171389,12,Motor Vehicle In-Transport,1,Front-to-Rear,0,No,4,Driveway Access,1,Not an Intersection,1,On Roadway,0,None,2,Dark - Not Lighted,1,Clear,0,No,0000000,Not Applicable,99,Unknown,99,Unknown,99,Unknown EMS Scene Arrival Hour,99,Unknown EMS Scene Arrival Minutes,99,Unknown,99,Unknown EMS Hospital Arrival Time,1
48,Texas,484008,1,1,2,2,0,1,1,201,HARRIS (201),3280,HOUSTON,12,December,18,18,1,Sunday,2022,0,0:00am-0:59am,3,3,SR-249/TOMBALL PKWY,NA,3,State Highway,2,Urban,2,Principal Arterial - Other Freeways and Expressways,98,Not Reported,1,This section IS ON the NHS,0,No Special Jurisdiction,143,143,29.95256389,29.95256389,-95.53666667,-95.53666667,12,Motor Vehicle In-Transport,1,Front-to-Rear,0,No,1,Non-Junction,1,Not an Intersection,1,On Roadway,0,None,2,Dark - Not Lighted,1,Clear,0,No,0000000,Not Applicable,99,Unknown,99,Unknown,99,Unknown EMS Scene Arrival Hour,99,Unknown EMS Scene Arrival Minutes,99,Unknown,99,Unknown EMS Hospital Arrival Time,1
48,Texas,484009,0,0,2,2,0,3,3,183,GREGG (183),0,NOT APPLICABLE,12,December,29,29,5,Thursday,2022,9,9:00am-9:59am,23,23,SR-31,NA,3,State Highway,1,Rural,3,Principal Arterial - Other,98,Not Reported,1,This section IS ON the NHS,0,No Special Jurisdiction,11,11,32.378275,32.378275,-94.96783611,-94.96783611,12,Motor Vehicle In-Transport,2,Front-to-Front,0,No,1,Non-Junction,1,Not an Intersection,1,On Roadway,0,None,1,Daylight,1,Clear,0,No,0000000,Not Applicable,99,Unknown,99,Unknown,99,Unknown EMS Scene Arrival Hour,99,Unknown EMS Scene Arrival Minutes,99,Unknown,99,Unknown EMS Hospital Arrival Time,1
48,Texas,484010,0,0,3,3,0,3,3,113,DALLAS (113),1730,DALLAS,9,September,20,20,3,Tuesday,2022,21,9:00pm-9:59pm,46,46,I-30,BECKLEY AVE,1,Interstate,2,Urban,1,Interstate,1,State Highway Agency,1,This section IS ON the NHS,0,No Special Jurisdiction,0,None,32.76891944,32.76891944,-96.82491944,-96.82491944,20,Impact Attenuator/Crash Cushion,0,The First Harmful Event was Not a Collision with a Motor Vehicle in Transport,1,Yes,3,Intersection-Related,4,Y-Intersection,8,Gore,0,None,2,Dark - Not Lighted,1,Clear,0,No,0000000,Not Applicable,99,Unknown,99,Unknown,99,Unknown EMS Scene Arrival Hour,99,Unknown EMS Scene Arrival Minutes,99,Unknown,99,Unknown EMS Hospital Arrival Time,1
48,Texas,484011,0,0,1,1,0,1,1,369,PARMER (369),0,NOT APPLICABLE,11,November,30,30,4,Wednesday,2022,16,4:00pm-4:59pm,22,22,FM 2013,NA,8,Other,1,Rural,6,Minor Collector,98,Not Reported,0,This section IS NOT on the NHS,0,No Special Jurisdiction,105,105,34.64361944,34.64361944,-102.94920833,-102.94920833,59,Traffic Sign Support,0,The First Harmful Event was Not a Collision with a Motor Vehicle in Transport,0,No,1,Non-Junction,1,Not an Intersection,4,On Roadside,0,None,1,Daylight,1,Clear,0,No,0000000,Not Applicable,99,Unknown,99,Unknown,99,Unknown EMS Scene Arrival Hour,99,Unknown EMS Scene Arrival Minutes,99,Unknown,99,Unknown EMS Hospital Arrival Time,1
48,Texas,484012,0,0,1,1,0,1,1,85,COLLIN (85),4230,MCKINNEY,12,December,2,2,6,Friday,2022,23,11:00pm-11:59pm,51,51,ELDORADO PKWY,STONEBRIDGE DR,6,Local Street - Municipality,2,Urban,4,Minor Arterial,98,Not Reported,0,This section IS NOT on the NHS,0,No Special Jurisdiction,0,None,33.17526111,33.17526111,-96.72208889,-96.72208889,33,Curb,0,The First Harmful Event was Not a Collision with a Motor Vehicle in Transport,0,No,3,Intersection-Related,2,Four-Way Intersection,12,Pedestrian Refuge Island or Traffic Island,0,None,3,Dark - Lighted,10,Cloudy,0,No,0000000,Not Applicable,99,Unknown,98,Unknown if Notified,99,Unknown EMS Scene Arrival Hour,98,Unknown if Arrived,88,Not Applicable (Not Transported),88,Not Applicable (Not Transported),1
48,Texas,484013,0,0,1,1,0,2,2,497,WISE (497),0,NOT APPLICABLE,12,December,30,30,6,Friday,2022,9,9:00am-9:59am,17,17,FM 718,NA,8,Other,2,Urban,5,Major Collector,98,Not Reported,0,This section IS NOT on the NHS,0,No Special Jurisdiction,26,26,33.04118889,33.04118889,-97.52071389,-97.52071389,38,Fence,0,The First Harmful Event was Not a Collision with a Motor Vehicle in Transport,0,No,1,Non-Junction,1,Not an Intersection,4,On Roadside,0,None,1,Daylight,1,Clear,0,No,0000000,Not Applicable,99,Unknown,99,Unknown,99,Unknown EMS Scene Arrival Hour,99,Unknown EMS Scene Arrival Minutes,99,Unknown,99,Unknown EMS Hospital Arrival Time,1
48,Texas,484014,1,1,1,1,0,2,2,141,EL PASO (141),2190,EL PASO,12,December,31,31,7,Saturday,2022,18,6:00pm-6:59pm,47,47,SR-20,NA,3,State Highway,2,Urban,3,Principal Arterial - Other,98,Not Reported,1,This section IS ON the NHS,0,No Special Jurisdiction,143,143,31.83110833,31.83110833,-106.53148611,-106.53148611,8,Pedestrian,0,The First Harmful Event was Not a Collision with a Motor Vehicle in Transport,0,No,1,Non-Junction,1,Not an Intersection,1,On Roadway,0,None,3,Dark - Lighted,1,Clear,0,No,0000000,Not Applicable,99,Unknown,99,Unknown,99,Unknown EMS Scene Arrival Hour,99,Unknown EMS Scene Arrival Minutes,99,Unknown,99,Unknown EMS Hospital Arrival Time,1
48,Texas,484015,0,0,1,1,0,8,8,271,KINNEY (271),0,NOT APPLICABLE,12,December,6,6,3,Tuesday,2022,12,12:00pm-12:59pm,38,38,US-90,NA,2,US Highway,1,Rural,3,Principal Arterial - Other,98,Not Reported,1,This section IS ON the NHS,0,No Special Jurisdiction,135,135,29.32880278,29.32880278,-100.49726944,-100.49726944,1,Rollover/Overturn,0,The First Harmful Event was Not a Collision with a Motor Vehicle in Transport,0,No,1,Non-Junction,1,Not an Intersection,4,On Roadside,0,None,1,Daylight,10,Cloudy,0,No,0000000,Not Applicable,99,Unknown,99,Unknown,99,Unknown EMS Scene Arrival Hour,99,Unknown EMS Scene Arrival Minutes,99,Unknown,99,Unknown EMS Hospital Arrival Time,5
48,Texas,484016,0,0,2,2,0,2,2,89,COLORADO (89),0,NOT APPLICABLE,12,December,29,29,5,Thursday,2022,3,3:00am-3:59am,22,22,I-10,NA,1,Interstate,1,Rural,1,Interstate,1,State Highway Agency,1,This section IS ON the NHS,0,No Special Jurisdiction,101,101,29.68944722,29.68944722,-96.68136389,-96.68136389,12,Motor Vehicle In-Transport,6,Angle,0,No,1,Non-Junction,1,Not an Intersection,1,On Roadway,0,None,2,Dark - Not Lighted,2,Rain,0,No,0000000,Not Applicable,99,Unknown,98,Unknown if Notified,99,Unknown EMS Scene Arrival Hour,98,Unknown if Arrived,88,Not Applicable (Not Transported),88,Not Applicable (Not Transported),1
48,Texas,484017,0,0,3,3,0,3,3,339,MONTGOMERY (339),0,NOT APPLICABLE,12,December,31,31,7,Saturday,2022,14,2:00pm-2:59pm,38,38,CR-DOBBIN HUFFSMITH RD,CR-COLLIER SMITH RD,4,County Road,2,Urban,5,Major Collector,98,Not Reported,0,This section IS NOT on the NHS,0,No Special Jurisdiction,0,None,30.18988333,30.18988333,-95.64588333,-95.64588333,12,Motor Vehicle In-Transport,6,Angle,0,No,2,Intersection,3,T-Intersection,1,On Roadway,0,None,1,Daylight,1,Clear,0,No,0000000,Not Applicable,99,Unknown,99,Unknown,99,Unknown EMS Scene Arrival Hour,99,Unknown EMS Scene Arrival Minutes,99,Unknown,99,Unknown EMS Hospital Arrival Time,1
48,Texas,484018,0,0,4,4,0,5,5,113,DALLAS (113),1730,DALLAS,12,December,22,22,5,Thursday,2022,6,6:00am-6:59am,59,59,I-30/RL THORNTON FWY,NA,1,Interstate,2,Urban,1,Interstate,1,State Highway Agency,1,This section IS ON the NHS,0,No Special Jurisdiction,46,46,32.77827778,32.77827778,-96.78260556,-96.78260556,12,Motor Vehicle In-Transport,7,Sideswipe - Same Direction,1,Yes,18,Through Roadway,1,Not an Intersection,1,On Roadway,0,None,3,Dark - Lighted,1,Clear,0,No,0000000,Not Applicable,99,Unknown,99,Unknown,99,Unknown EMS Scene Arrival Hour,99,Unknown EMS Scene Arrival Minutes,99,Unknown,99,Unknown EMS Hospital Arrival Time,1
48,Texas,484019,1,1,2,2,0,2,2,201,HARRIS (201),3280,HOUSTON,12,December,16,16,6,Friday,2022,22,10:00pm-10:59pm,40,40,I-69 US-59,NA,1,Interstate,2,Urban,1,Interstate,1,State Highway Agency,1,This section IS ON the NHS,0,No Special Jurisdiction,40,40,29.69281944,29.69281944,-95.52599722,-95.52599722,8,Pedestrian,0,The First Harmful Event was Not a Collision with a Motor Vehicle in Transport,1,Yes,20,Entrance/Exit Ramp,1,Not an Intersection,1,On Roadway,0,None,3,Dark - Lighted,1,Clear,0,No,0000000,Not Applicable,99,Unknown,99,Unknown,99,Unknown EMS Scene Arrival Hour,99,Unknown EMS Scene Arrival Minutes,88,Not Applicable (Not Transported),88,Not Applicable (Not Transported),1
48,Texas,484020,0,0,1,1,0,1,1,201,HARRIS (201),3280,HOUSTON,12,December,9,9,6,Friday,2022,14,2:00pm-2:59pm,28,28,I-610,NA,1,Interstate,2,Urban,1,Interstate,1,State Highway Agency,1,This section IS ON the NHS,0,No Special Jurisdiction,36,36,29.81301111,29.81301111,-95.41303056,-95.41303056,25,Concrete Traffic Barrier,0,The First Harmful Event was Not a Collision with a Motor Vehicle in Transport,0,No,1,Non-Junction,1,Not an Intersection,10,Separator,0,None,1,Daylight,10,Cloudy,0,No,0000000,Not Applicable,99,Unknown,98,Unknown if Notified,99,Unknown EMS Scene Arrival Hour,98,Unknown if Arrived,88,Not Applicable (Not Transported),88,Not Applicable (Not Transported),1
48,Texas,484021,0,0,2,2,0,3,3,113,DALLAS (113),1730,DALLAS,12,December,22,22,5,Thursday,2022,22,10:00pm-10:59pm,37,37,I-35,NA,1,Interstate,2,Urban,1,Interstate,1,State Highway Agency,1,This section IS ON the NHS,0,No Special Jurisdiction,195,195,32.80608056,32.80608056,-96.83936389,-96.83936389,12,Motor Vehicle In-Transport,1,Front-to-Rear,0,No,1,Non-Junction,1,Not an Intersection,1,On Roadway,0,None,3,Dark - Lighted,1,Clear,0,No,0000000,Not Applicable,99,Unknown,98,Unknown if Notified,99,Unknown EMS Scene Arrival Hour,98,Unknown if Arrived,88,Not Applicable (Not Transported),88,Not Applicable (Not Transported),1
48,Texas,484022,0,0,2,2,0,3,3,213,HENDERSON (213),300,ATHENS,12,December,16,16,6,Friday,2022,10,10:00am-10:59am,56,56,US-175,SR-7 RAMP,2,US Highway,2,Urban,3,Principal Arterial - Other,98,Not Reported,1,This section IS ON the NHS,0,No Special Jurisdiction,229,229,32.22013056,32.22013056,-95.87899167,-95.87899167,12,Motor Vehicle In-Transport,6,Angle,1,Yes,2,Intersection,2,Four-Way Intersection,1,On Roadway,0,None,1,Daylight,2,Rain,0,No,0000000,Not Applicable,99,Unknown,99,Unknown,99,Unknown EMS Scene Arrival Hour,99,Unknown EMS Scene Arrival Minutes,99,Unknown,99,Unknown EMS Hospital Arrival Time,1
48,Texas,484023,0,0,1,1,0,1,1,71,CHAMBERS (71),0,NOT APPLICABLE,12,December,7,7,4,Wednesday,2022,22,10:00pm-10:59pm,28,28,FM 565,NA,8,Other,1,Rural,4,Minor Arterial,98,Not Reported,0,This section IS NOT on the NHS,0,No Special Jurisdiction,49,49,29.86573333,29.86573333,-94.82074444,-94.82074444,1,Rollover/Overturn,0,The First Harmful Event was Not a Collision with a Motor Vehicle in Transport,0,No,1,Non-Junction,1,Not an Intersection,1,On Roadway,0,None,2,Dark - Not Lighted,1,Clear,0,No,0000000,Not Applicable,99,Unknown,99,Unknown,99,Unknown EMS Scene Arrival Hour,99,Unknown EMS Scene Arrival Minutes,99,Unknown,99,Unknown EMS Hospital Arrival Time,1
48,Texas,484024,0,0,1,1,0,2,2,201,HARRIS (201),3280,HOUSTON,12,December,25,25,1,Sunday,2022,23,11:00pm-11:59pm,35,35,JACKSON ST,ANITA ST,6,Local Street - Municipality,2,Urban,7,Local,98,Not Reported,0,This section IS NOT on the NHS,0,No Special Jurisdiction,0,None,29.73895833,29.73895833,-95.37038333,-95.37038333,33,Curb,0,The First Harmful Event was Not a Collision with a Motor Vehicle in Transport,0,No,3,Intersection-Related,3,T-Intersection,4,On Roadside,0,None,3,Dark - Lighted,1,Clear,0,No,0000000,Not Applicable,23,11:00pm-11:59pm,42,42,23,11:00pm-11:59pm,46,46,0,0:00am-0:59am,15,15,2
48,Texas,484025,0,0,2,2,0,4,4,51,BURLESON (51),0,NOT APPLICABLE,12,December,31,31,7,Saturday,2022,14,2:00pm-2:59pm,29,29,FM 60,NA,8,Other,1,Rural,4,Minor Arterial,98,Not Reported,0,This section IS NOT on the NHS,0,No Special Jurisdiction,43,43,30.43852778,30.43852778,-96.52870556,-96.52870556,12,Motor Vehicle In-Transport,2,Front-to-Front,0,No,1,Non-Junction,1,Not an Intersection,1,On Roadway,0,None,1,Daylight,1,Clear,0,No,0000000,Not Applicable,99,Unknown,99,Unknown,99,Unknown EMS Scene Arrival Hour,99,Unknown EMS Scene Arrival Minutes,99,Unknown,99,Unknown EMS Hospital Arrival Time,2
48,Texas,484026,0,0,1,1,0,3,3,485,WICHITA (485),7490,WICHITA FALLS,12,December,23,23,6,Friday,2022,0,0:00am-0:59am,54,54,US-287J BU/IOWA PARK RD/SCOTT,SHEPPARD ACCESS RD,2,US Highway,2,Urban,3,Principal Arterial - Other,98,Not Reported,1,This section IS ON the NHS,0,No Special Jurisdiction,99998,Not Reported,33.92708611,33.92708611,-98.50864444,-98.50864444,25,Concrete Traffic Barrier,0,The First Harmful Event was Not a Collision with a Motor Vehicle in Transport,0,No,3,Intersection-Related,3,T-Intersection,4,On Roadside,0,None,3,Dark - Lighted,10,Cloudy,0,No,0000000,Not Applicable,99,Unknown,99,Unknown,99,Unknown EMS Scene Arrival Hour,99,Unknown EMS Scene Arrival Minutes,99,Unknown,99,Unknown EMS Hospital Arrival Time,1
48,Texas,484027,0,0,1,1,0,1,1,485,WICHITA (485),7490,WICHITA FALLS,12,December,30,30,6,Friday,2022,7,7:00am-7:59am,35,35,US-287 BU,NA,2,US Highway,2,Urban,3,Principal Arterial - Other,98,Not Reported,1,This section IS ON the NHS,0,No Special Jurisdiction,311,311,33.90173611,33.90173611,-98.45764167,-98.45764167,35,Embankment,0,The First Harmful Event was Not a Collision with a Motor Vehicle in Transport,0,No,1,Non-Junction,1,Not an Intersection,5,Outside Trafficway,0,None,1,Daylight,1,Clear,0,No,0000000,Not Applicable,99,Unknown,98,Unknown if Notified,99,Unknown EMS Scene Arrival Hour,98,Unknown if Arrived,88,Not Applicable (Not Transported),88,Not Applicable (Not Transported),1